,inference_time,p_tar,nr_branch_edge,nr_branch_model,isTerminate
0,0.15041184425354,0.7,2.0,5.0,0.0
1,0.1238131523132324,0.7,2.0,5.0,0.0
2,0.1723692417144775,0.7,2.0,5.0,0.0
3,0.1463327407836914,0.7,2.0,5.0,0.0
4,0.1262052059173584,0.7,2.0,5.0,0.0
5,0.2241909503936767,0.7,2.0,5.0,0.0
6,0.128648042678833,0.7,2.0,5.0,0.0
7,0.1510064601898193,0.7,2.0,5.0,0.0
8,0.1270525455474853,0.7,2.0,5.0,0.0
9,0.142219066619873,0.7,2.0,5.0,0.0
10,0.2142696380615234,0.7,2.0,5.0,0.0
11,0.1501719951629638,0.7,2.0,5.0,0.0
12,0.1368207931518554,0.7,2.0,5.0,0.0
13,0.2383990287780761,0.7,2.0,5.0,0.0
14,0.1326150894165039,0.7,2.0,5.0,0.0
15,0.1843531131744384,0.7,2.0,5.0,0.0
16,0.1453397274017334,0.7,2.0,5.0,0.0
17,0.140643835067749,0.7,2.0,5.0,0.0
18,0.0800435543060302,0.7,2.0,5.0,0.0
19,0.1363234519958496,0.7,2.0,5.0,0.0
20,0.1588468551635742,0.7,2.0,5.0,0.0
21,0.1491694450378418,0.7,2.0,5.0,0.0
22,0.1140363216400146,0.7,2.0,5.0,0.0
23,0.1287555694580078,0.7,2.0,5.0,0.0
24,0.1500236988067627,0.7,2.0,5.0,0.0
25,0.132483959197998,0.7,2.0,5.0,0.0
26,0.1320037841796875,0.7,2.0,5.0,0.0
27,0.1536767482757568,0.7,2.0,5.0,0.0
28,0.1739869117736816,0.7,2.0,5.0,0.0
29,0.1499576568603515,0.7,2.0,5.0,0.0
30,0.1338164806365966,0.7,2.0,5.0,0.0
31,0.1792027950286865,0.7,2.0,5.0,0.0
32,0.1922113895416259,0.7,2.0,5.0,0.0
33,0.213691234588623,0.7,2.0,5.0,0.0
34,0.1913509368896484,0.7,2.0,5.0,0.0
35,0.2453887462615966,0.7,2.0,5.0,0.0
36,0.2150568962097168,0.7,2.0,5.0,0.0
37,0.2346792221069336,0.7,2.0,5.0,0.0
38,0.193239688873291,0.7,2.0,5.0,0.0
39,0.1277010440826416,0.7,2.0,5.0,0.0
40,0.1611828804016113,0.7,2.0,5.0,0.0
41,0.2701230049133301,0.7,2.0,5.0,0.0
42,0.14689302444458,0.7,2.0,5.0,0.0
43,0.1879677772521972,0.7,2.0,5.0,0.0
44,0.1612575054168701,0.7,2.0,5.0,0.0
45,0.1629140377044677,0.7,2.0,5.0,0.0
46,0.1555814743041992,0.7,2.0,5.0,0.0
47,0.1352078914642334,0.7,2.0,5.0,0.0
48,0.1909210681915283,0.7,2.0,5.0,0.0
49,0.1825265884399414,0.7,2.0,5.0,0.0
50,0.1700484752655029,0.7,2.0,5.0,0.0
51,0.139794111251831,0.7,2.0,5.0,0.0
52,0.1569433212280273,0.7,2.0,5.0,0.0
53,0.1394429206848144,0.7,2.0,5.0,0.0
54,0.1412324905395507,0.7,2.0,5.0,0.0
55,0.1304826736450195,0.7,2.0,5.0,0.0
56,0.1344609260559082,0.7,2.0,5.0,0.0
57,0.0846762657165527,0.7,2.0,5.0,0.0
58,0.1772768497467041,0.7,2.0,5.0,0.0
59,0.1545138359069824,0.7,2.0,5.0,0.0
60,0.0858328342437744,0.7,2.0,5.0,0.0
61,0.1466257572174072,0.7,2.0,5.0,0.0
62,0.1367530822753906,0.7,2.0,5.0,0.0
63,0.0848650932312011,0.7,2.0,5.0,0.0
64,0.1881179809570312,0.7,2.0,5.0,0.0
65,0.1370630264282226,0.7,2.0,5.0,0.0
66,0.1640591621398925,0.7,2.0,5.0,0.0
67,0.1411337852478027,0.7,2.0,5.0,0.0
68,0.1564581394195556,0.7,2.0,5.0,0.0
69,0.1666312217712402,0.7,2.0,5.0,0.0
70,0.1710348129272461,0.7,2.0,5.0,0.0
71,0.1641542911529541,0.7,2.0,5.0,0.0
72,0.1620182991027832,0.7,2.0,5.0,0.0
73,0.1390376091003418,0.7,2.0,5.0,0.0
74,0.1986503601074218,0.7,2.0,5.0,0.0
75,0.1523663997650146,0.7,2.0,5.0,0.0
76,0.1835551261901855,0.7,2.0,5.0,0.0
77,0.1509253978729248,0.7,2.0,5.0,0.0
78,0.1445827484130859,0.7,2.0,5.0,0.0
79,0.1450304985046386,0.7,2.0,5.0,0.0
80,0.0868573188781738,0.7,2.0,5.0,0.0
81,0.1477704048156738,0.7,2.0,5.0,0.0
82,0.1789262294769287,0.7,2.0,5.0,0.0
83,0.1536891460418701,0.7,2.0,5.0,0.0
84,0.1505498886108398,0.7,2.0,5.0,0.0
85,0.147653579711914,0.7,2.0,5.0,0.0
86,0.1480152606964111,0.7,2.0,5.0,0.0
87,0.1246991157531738,0.7,2.0,5.0,0.0
88,0.1646091938018798,0.7,2.0,5.0,0.0
89,0.137800931930542,0.7,2.0,5.0,0.0
90,0.1350858211517334,0.7,2.0,5.0,0.0
91,0.1436045169830322,0.7,2.0,5.0,0.0
92,0.0885090827941894,0.7,2.0,5.0,0.0
93,0.1350042819976806,0.7,2.0,5.0,0.0
94,0.1627230644226074,0.7,2.0,5.0,0.0
95,0.1893370151519775,0.7,2.0,5.0,0.0
96,0.1144602298736572,0.7,2.0,5.0,0.0
97,0.1985459327697754,0.7,2.0,5.0,0.0
98,0.1443939208984375,0.7,2.0,5.0,0.0
99,0.1663339138031005,0.7,2.0,5.0,0.0
100,0.0838351249694824,0.7,2.0,5.0,0.0
101,0.1477501392364502,0.7,2.0,5.0,0.0
102,0.1720187664031982,0.7,2.0,5.0,0.0
103,0.1474983692169189,0.7,2.0,5.0,0.0
104,0.16471529006958,0.7,2.0,5.0,0.0
105,0.146780252456665,0.7,2.0,5.0,0.0
106,0.1816582679748535,0.7,2.0,5.0,0.0
107,0.0862784385681152,0.7,2.0,5.0,0.0
108,0.0856966972351074,0.7,2.0,5.0,0.0
109,0.1350905895233154,0.7,2.0,5.0,0.0
110,0.145045518875122,0.7,2.0,5.0,0.0
111,0.1249909400939941,0.7,2.0,5.0,0.0
112,0.1590981483459472,0.7,2.0,5.0,0.0
113,0.1434147357940673,0.7,2.0,5.0,0.0
114,0.1248345375061035,0.7,2.0,5.0,0.0
115,0.1226165294647216,0.7,2.0,5.0,0.0
116,0.1268301010131836,0.7,2.0,5.0,0.0
117,0.1610715389251709,0.7,2.0,5.0,0.0
118,0.2540345191955566,0.7,2.0,5.0,0.0
119,0.1293914318084716,0.7,2.0,5.0,0.0
120,0.1565334796905517,0.7,2.0,5.0,0.0
121,0.1447834968566894,0.7,2.0,5.0,0.0
122,0.2312526702880859,0.7,2.0,5.0,0.0
123,0.1135175228118896,0.7,2.0,5.0,0.0
124,0.19838547706604,0.7,2.0,5.0,0.0
125,0.1640932559967041,0.7,2.0,5.0,0.0
126,0.1169915199279785,0.7,2.0,5.0,0.0
127,0.1497306823730468,0.7,2.0,5.0,0.0
128,0.1434204578399658,0.7,2.0,5.0,0.0
129,0.118016242980957,0.7,2.0,5.0,0.0
130,0.1358957290649414,0.7,2.0,5.0,0.0
131,0.1411538124084472,0.7,2.0,5.0,0.0
132,0.1244308948516845,0.7,2.0,5.0,0.0
133,0.1018831729888916,0.7,2.0,5.0,0.0
134,0.1420280933380127,0.7,2.0,5.0,0.0
135,0.1324834823608398,0.7,2.0,5.0,0.0
136,0.1330122947692871,0.7,2.0,5.0,0.0
137,0.1304905414581298,0.7,2.0,5.0,0.0
138,0.1646368503570556,0.7,2.0,5.0,0.0
139,0.1870172023773193,0.7,2.0,5.0,0.0
140,0.1510121822357177,0.7,2.0,5.0,0.0
141,0.1310279369354248,0.7,2.0,5.0,0.0
142,0.0939037799835205,0.7,2.0,5.0,0.0
143,0.1241395473480224,0.7,2.0,5.0,0.0
144,0.1505391597747802,0.7,2.0,5.0,0.0
145,0.1174867153167724,0.7,2.0,5.0,0.0
146,0.1306331157684326,0.7,2.0,5.0,0.0
147,0.1404581069946289,0.7,2.0,5.0,0.0
148,0.1207735538482666,0.7,2.0,5.0,0.0
149,0.1436984539031982,0.7,2.0,5.0,0.0
150,0.130589485168457,0.7,2.0,5.0,0.0
151,0.1078720092773437,0.7,2.0,5.0,0.0
152,0.0712182521820068,0.7,2.0,5.0,0.0
153,0.104957103729248,0.7,2.0,5.0,0.0
154,0.1227633953094482,0.7,2.0,5.0,0.0
155,0.0706093311309814,0.7,2.0,5.0,0.0
156,0.1090333461761474,0.7,2.0,5.0,0.0
157,0.1215007305145263,0.7,2.0,5.0,0.0
158,0.1422095298767089,0.7,2.0,5.0,0.0
159,0.1311192512512207,0.7,2.0,5.0,0.0
160,0.1269431114196777,0.7,2.0,5.0,0.0
161,0.129448652267456,0.7,2.0,5.0,0.0
162,0.1077513694763183,0.7,2.0,5.0,0.0
163,0.0754387378692627,0.7,2.0,5.0,0.0
164,0.1344523429870605,0.7,2.0,5.0,0.0
165,0.1779189109802246,0.7,2.0,5.0,0.0
166,0.1710290908813476,0.7,2.0,5.0,0.0
167,0.1154568195343017,0.7,2.0,5.0,0.0
168,0.1103265285491943,0.7,2.0,5.0,0.0
169,0.0796766281127929,0.7,2.0,5.0,0.0
170,0.1258077621459961,0.7,2.0,5.0,0.0
171,0.1484134197235107,0.7,2.0,5.0,0.0
172,0.1348416805267334,0.7,2.0,5.0,0.0
173,0.1227221488952636,0.7,2.0,5.0,0.0
174,0.1375861167907714,0.7,2.0,5.0,0.0
175,0.1244332790374755,0.7,2.0,5.0,0.0
176,0.1460294723510742,0.7,2.0,5.0,0.0
177,0.1518669128417968,0.7,2.0,5.0,0.0
178,0.158931016921997,0.7,2.0,5.0,0.0
179,0.1470363140106201,0.7,2.0,5.0,0.0
180,0.1584587097167968,0.7,2.0,5.0,0.0
181,0.166093111038208,0.7,2.0,5.0,0.0
182,0.1294186115264892,0.7,2.0,5.0,0.0
183,0.107187271118164,0.7,2.0,5.0,0.0
184,0.0817604064941406,0.7,2.0,5.0,0.0
185,0.2091116905212402,0.7,2.0,5.0,0.0
186,0.1368978023529052,0.7,2.0,5.0,0.0
187,0.1391201019287109,0.7,2.0,5.0,0.0
188,0.1402404308319091,0.7,2.0,5.0,0.0
189,0.1507668495178222,0.7,2.0,5.0,0.0
190,0.1364290714263916,0.7,2.0,5.0,0.0
191,0.1245503425598144,0.7,2.0,5.0,0.0
192,0.1583871841430664,0.7,2.0,5.0,0.0
193,0.1390972137451172,0.7,2.0,5.0,0.0
194,0.138430118560791,0.7,2.0,5.0,0.0
195,0.1061367988586425,0.7,2.0,5.0,0.0
196,0.1533324718475341,0.7,2.0,5.0,0.0
197,0.1213300228118896,0.7,2.0,5.0,0.0
198,0.1258325576782226,0.7,2.0,5.0,0.0
199,0.1175987720489502,0.7,2.0,5.0,0.0
200,0.1156468391418457,0.7,2.0,5.0,0.0
201,0.1071791648864746,0.7,2.0,5.0,0.0
202,0.1041004657745361,0.7,2.0,5.0,0.0
203,0.1242458820343017,0.7,2.0,5.0,0.0
204,0.1083340644836425,0.7,2.0,5.0,0.0
205,0.112161636352539,0.7,2.0,5.0,0.0
206,0.1297721862792968,0.7,2.0,5.0,0.0
207,0.1364271640777588,0.7,2.0,5.0,0.0
208,0.1453673839569091,0.7,2.0,5.0,0.0
209,0.1514322757720947,0.7,2.0,5.0,0.0
210,0.132883071899414,0.7,2.0,5.0,0.0
211,0.131152868270874,0.7,2.0,5.0,0.0
212,0.1236569881439209,0.7,2.0,5.0,0.0
213,0.1567721366882324,0.7,2.0,5.0,0.0
214,0.0808088779449462,0.7,2.0,5.0,0.0
215,0.1207447052001953,0.7,2.0,5.0,0.0
216,0.1463303565979004,0.7,2.0,5.0,0.0
217,0.1293995380401611,0.7,2.0,5.0,0.0
218,0.1107227802276611,0.7,2.0,5.0,0.0
219,0.1584515571594238,0.7,2.0,5.0,0.0
220,0.1299772262573242,0.7,2.0,5.0,0.0
221,0.1387455463409423,0.7,2.0,5.0,0.0
222,0.1486382484436035,0.7,2.0,5.0,0.0
223,0.1766703128814697,0.7,2.0,5.0,0.0
224,0.1722326278686523,0.7,2.0,5.0,0.0
225,0.2698311805725097,0.7,2.0,5.0,0.0
226,0.2018122673034668,0.7,2.0,5.0,0.0
227,0.2017538547515869,0.7,2.0,5.0,0.0
228,0.1887505054473877,0.7,2.0,5.0,0.0
229,0.115182876586914,0.7,2.0,5.0,0.0
230,0.1214542388916015,0.7,2.0,5.0,0.0
231,0.1106829643249511,0.7,2.0,5.0,0.0
232,0.1477115154266357,0.7,2.0,5.0,0.0
233,0.1323943138122558,0.7,2.0,5.0,0.0
234,0.1299953460693359,0.7,2.0,5.0,0.0
235,0.1119036674499511,0.7,2.0,5.0,0.0
236,0.1368546485900879,0.7,2.0,5.0,0.0
237,0.1495711803436279,0.7,2.0,5.0,0.0
238,0.1653249263763427,0.7,2.0,5.0,0.0
239,0.0860164165496826,0.7,2.0,5.0,0.0
240,0.1429259777069091,0.7,2.0,5.0,0.0
241,0.1768980026245117,0.7,2.0,5.0,0.0
242,0.1593122482299804,0.7,2.0,5.0,0.0
243,0.1896071434020996,0.7,2.0,5.0,0.0
244,0.08772873878479,0.7,2.0,5.0,0.0
245,0.1727156639099121,0.7,2.0,5.0,0.0
246,0.1669347286224365,0.7,2.0,5.0,0.0
247,0.1289384365081787,0.7,2.0,5.0,0.0
248,0.1318259239196777,0.7,2.0,5.0,0.0
249,0.1461870670318603,0.7,2.0,5.0,0.0
250,0.1394157409667968,0.7,2.0,5.0,0.0
251,0.0842666625976562,0.7,2.0,5.0,0.0
252,0.1062033176422119,0.7,2.0,5.0,0.0
253,0.1386148929595947,0.7,2.0,5.0,0.0
254,0.1319363117218017,0.7,2.0,5.0,0.0
255,0.1336078643798828,0.7,2.0,5.0,0.0
256,0.0819478034973144,0.7,2.0,5.0,0.0
257,0.138956069946289,0.7,2.0,5.0,0.0
258,0.1798367500305175,0.7,2.0,5.0,0.0
259,0.1179440021514892,0.7,2.0,5.0,0.0
260,0.1373159885406494,0.7,2.0,5.0,0.0
261,0.1763367652893066,0.7,2.0,5.0,0.0
262,0.1772150993347168,0.7,2.0,5.0,0.0
263,0.1039974689483642,0.7,2.0,5.0,0.0
264,0.1244568824768066,0.7,2.0,5.0,0.0
265,0.1317687034606933,0.7,2.0,5.0,0.0
266,0.1055858135223388,0.7,2.0,5.0,0.0
267,0.152947187423706,0.7,2.0,5.0,0.0
268,0.1404433250427246,0.7,2.0,5.0,0.0
269,0.0808806419372558,0.7,2.0,5.0,0.0
270,0.1354331970214843,0.7,2.0,5.0,0.0
271,0.1154189109802246,0.7,2.0,5.0,0.0
272,0.1528007984161377,0.7,2.0,5.0,0.0
273,0.1723880767822265,0.7,2.0,5.0,0.0
274,0.1710915565490722,0.7,2.0,5.0,0.0
275,0.1343131065368652,0.7,2.0,5.0,0.0
276,0.1329689025878906,0.7,2.0,5.0,0.0
277,0.1329514980316162,0.7,2.0,5.0,0.0
278,0.1670348644256591,0.7,2.0,5.0,0.0
279,0.1356196403503418,0.7,2.0,5.0,0.0
280,0.1892883777618408,0.7,2.0,5.0,0.0
281,0.0783960819244384,0.7,2.0,5.0,0.0
282,0.1332263946533203,0.7,2.0,5.0,0.0
283,0.1337528228759765,0.7,2.0,5.0,0.0
284,0.182591438293457,0.7,2.0,5.0,0.0
285,0.1522507667541504,0.7,2.0,5.0,0.0
286,0.1531214714050293,0.7,2.0,5.0,0.0
287,0.1377718448638916,0.7,2.0,5.0,0.0
288,0.1724748611450195,0.7,2.0,5.0,0.0
289,0.1376256942749023,0.7,2.0,5.0,0.0
290,0.2006514072418213,0.7,2.0,5.0,0.0
291,0.1379055976867675,0.7,2.0,5.0,0.0
292,0.0784230232238769,0.7,2.0,5.0,0.0
293,0.1366713047027588,0.7,2.0,5.0,0.0
294,0.1567897796630859,0.7,2.0,5.0,0.0
295,0.1283578872680664,0.7,2.0,5.0,0.0
296,0.1800680160522461,0.7,2.0,5.0,0.0
297,0.1733465194702148,0.7,2.0,5.0,0.0
298,0.1400368213653564,0.7,2.0,5.0,0.0
299,0.1309750080108642,0.7,2.0,5.0,0.0
300,0.1353967189788818,0.7,2.0,5.0,0.0
301,0.1482226848602295,0.7,2.0,5.0,0.0
302,0.1320245265960693,0.7,2.0,5.0,0.0
303,0.1575105190277099,0.7,2.0,5.0,0.0
304,0.1243836879730224,0.7,2.0,5.0,0.0
305,0.1045494079589843,0.7,2.0,5.0,0.0
306,0.1346447467803955,0.7,2.0,5.0,0.0
307,0.1354837417602539,0.7,2.0,5.0,0.0
308,0.1431221961975097,0.7,2.0,5.0,0.0
309,0.1429078578948974,0.7,2.0,5.0,0.0
310,0.1493632793426513,0.7,2.0,5.0,0.0
311,0.1653614044189453,0.7,2.0,5.0,0.0
312,0.1122598648071289,0.7,2.0,5.0,0.0
313,0.1409401893615722,0.7,2.0,5.0,0.0
314,0.1628434658050537,0.7,2.0,5.0,0.0
315,0.1200067996978759,0.7,2.0,5.0,0.0
316,0.1564056873321533,0.7,2.0,5.0,0.0
317,0.1541643142700195,0.7,2.0,5.0,0.0
318,0.1378674507141113,0.7,2.0,5.0,0.0
319,0.0823733806610107,0.7,2.0,5.0,0.0
320,0.1261689662933349,0.7,2.0,5.0,0.0
321,0.1318142414093017,0.7,2.0,5.0,0.0
322,0.1367990970611572,0.7,2.0,5.0,0.0
323,0.1213631629943847,0.7,2.0,5.0,0.0
324,0.1171643733978271,0.7,2.0,5.0,0.0
325,0.1245598793029785,0.7,2.0,5.0,0.0
326,0.1233208179473877,0.7,2.0,5.0,0.0
327,0.1510663032531738,0.7,2.0,5.0,0.0
328,0.121572732925415,0.7,2.0,5.0,0.0
329,0.1214964389801025,0.7,2.0,5.0,0.0
330,0.0804383754730224,0.7,2.0,5.0,0.0
331,0.1507461071014404,0.7,2.0,5.0,0.0
332,0.1851701736450195,0.7,2.0,5.0,0.0
333,0.1503593921661377,0.7,2.0,5.0,0.0
334,0.2399313449859619,0.7,2.0,5.0,0.0
335,0.1978225708007812,0.7,2.0,5.0,0.0
336,0.113297700881958,0.7,2.0,5.0,0.0
337,0.1315565109252929,0.7,2.0,5.0,0.0
338,0.1365664005279541,0.7,2.0,5.0,0.0
339,0.1369855403900146,0.7,2.0,5.0,0.0
340,0.1529691219329834,0.7,2.0,5.0,0.0
341,0.1354084014892578,0.7,2.0,5.0,0.0
342,0.1740248203277588,0.7,2.0,5.0,0.0
343,0.1463425159454345,0.7,2.0,5.0,0.0
344,0.1703708171844482,0.7,2.0,5.0,0.0
345,0.1461958885192871,0.7,2.0,5.0,0.0
346,0.1064672470092773,0.7,2.0,5.0,0.0
347,0.1489293575286865,0.7,2.0,5.0,0.0
348,0.1519334316253662,0.7,2.0,5.0,0.0
349,0.1349203586578369,0.7,2.0,5.0,0.0
350,0.1551110744476318,0.7,2.0,5.0,0.0
351,0.1480426788330078,0.7,2.0,5.0,0.0
352,0.1121551990509033,0.7,2.0,5.0,0.0
353,0.1667687892913818,0.7,2.0,5.0,0.0
354,0.1981775760650634,0.7,2.0,5.0,0.0
355,0.1162607669830322,0.7,2.0,5.0,0.0
356,0.120950698852539,0.7,2.0,5.0,0.0
357,0.1349694728851318,0.7,2.0,5.0,0.0
358,0.1448633670806884,0.7,2.0,5.0,0.0
359,0.132258653640747,0.7,2.0,5.0,0.0
360,0.1583352088928222,0.7,2.0,5.0,0.0
361,0.1380469799041748,0.7,2.0,5.0,0.0
362,0.1543440818786621,0.7,2.0,5.0,0.0
363,0.1597075462341308,0.7,2.0,5.0,0.0
364,0.1476986408233642,0.7,2.0,5.0,0.0
365,0.1350390911102295,0.7,2.0,5.0,0.0
366,0.1429343223571777,0.7,2.0,5.0,0.0
367,0.159064769744873,0.7,2.0,5.0,0.0
368,0.1434943675994873,0.7,2.0,5.0,0.0
369,0.123833417892456,0.7,2.0,5.0,0.0
370,0.1299707889556884,0.7,2.0,5.0,0.0
371,0.1276519298553466,0.7,2.0,5.0,0.0
372,0.1331057548522949,0.7,2.0,5.0,0.0
373,0.1325490474700927,0.7,2.0,5.0,0.0
374,0.1076216697692871,0.7,2.0,5.0,0.0
375,0.1214160919189453,0.7,2.0,5.0,0.0
376,0.1417553424835205,0.7,2.0,5.0,0.0
377,0.1294045448303222,0.7,2.0,5.0,0.0
378,0.1337273120880127,0.7,2.0,5.0,0.0
379,0.1307480335235595,0.7,2.0,5.0,0.0
380,0.1493523120880127,0.7,2.0,5.0,0.0
381,0.130674123764038,0.7,2.0,5.0,0.0
382,0.1051781177520752,0.7,2.0,5.0,0.0
383,0.1422207355499267,0.7,2.0,5.0,0.0
384,0.1490757465362548,0.7,2.0,5.0,0.0
385,0.1289577484130859,0.7,2.0,5.0,0.0
386,0.1273894309997558,0.7,2.0,5.0,0.0
387,0.119469404220581,0.7,2.0,5.0,0.0
388,0.1574306488037109,0.7,2.0,5.0,0.0
389,0.1616110801696777,0.7,2.0,5.0,0.0
390,0.1269402503967285,0.7,2.0,5.0,0.0
391,0.1470942497253418,0.7,2.0,5.0,0.0
392,0.1596126556396484,0.7,2.0,5.0,0.0
393,0.1175694465637207,0.7,2.0,5.0,0.0
394,0.1674625873565673,0.7,2.0,5.0,0.0
395,0.1052958965301513,0.7,2.0,5.0,0.0
396,0.1481461524963379,0.7,2.0,5.0,0.0
397,0.1360163688659668,0.7,2.0,5.0,0.0
398,0.1292421817779541,0.7,2.0,5.0,0.0
399,0.1422691345214843,0.7,2.0,5.0,0.0
400,0.1359338760375976,0.7,2.0,5.0,0.0
401,0.1358559131622314,0.7,2.0,5.0,0.0
402,0.1542015075683593,0.7,2.0,5.0,0.0
403,0.1131048202514648,0.7,2.0,5.0,0.0
404,0.137556791305542,0.7,2.0,5.0,0.0
405,0.1528036594390869,0.7,2.0,5.0,0.0
406,0.1126976013183593,0.7,2.0,5.0,0.0
407,0.1425271034240722,0.7,2.0,5.0,0.0
408,0.1423501968383789,0.7,2.0,5.0,0.0
409,0.1544127464294433,0.7,2.0,5.0,0.0
410,0.1126716136932373,0.7,2.0,5.0,0.0
411,0.1346561908721923,0.7,2.0,5.0,0.0
412,0.1455974578857422,0.7,2.0,5.0,0.0
413,0.1455237865447998,0.7,2.0,5.0,0.0
414,0.1416869163513183,0.7,2.0,5.0,0.0
415,0.1654818058013916,0.7,2.0,5.0,0.0
416,0.1337141990661621,0.7,2.0,5.0,0.0
417,0.1371152400970459,0.7,2.0,5.0,0.0
418,0.1369686126708984,0.7,2.0,5.0,0.0
419,0.1246864795684814,0.7,2.0,5.0,0.0
420,0.1804361343383789,0.7,2.0,5.0,0.0
421,0.131455659866333,0.7,2.0,5.0,0.0
422,0.14689302444458,0.7,2.0,5.0,0.0
423,0.1496527194976806,0.7,2.0,5.0,0.0
424,0.1094770431518554,0.7,2.0,5.0,0.0
425,0.1350240707397461,0.7,2.0,5.0,0.0
426,0.1568377017974853,0.7,2.0,5.0,0.0
427,0.1471810340881347,0.7,2.0,5.0,0.0
428,0.1400730609893798,0.7,2.0,5.0,0.0
429,0.1328804492950439,0.7,2.0,5.0,0.0
430,0.1317625045776367,0.7,2.0,5.0,0.0
431,0.1301593780517578,0.7,2.0,5.0,0.0
432,0.1451256275177002,0.7,2.0,5.0,0.0
433,0.1347253322601318,0.7,2.0,5.0,0.0
434,0.1483430862426757,0.7,2.0,5.0,0.0
435,0.136134386062622,0.7,2.0,5.0,0.0
436,0.1605165004730224,0.7,2.0,5.0,0.0
437,0.1301801204681396,0.7,2.0,5.0,0.0
438,0.1372437477111816,0.7,2.0,5.0,0.0
439,0.143958568572998,0.7,2.0,5.0,0.0
440,0.1178641319274902,0.7,2.0,5.0,0.0
441,0.1420035362243652,0.7,2.0,5.0,0.0
442,0.1456885337829589,0.7,2.0,5.0,0.0
443,0.1049609184265136,0.7,2.0,5.0,0.0
444,0.1311128139495849,0.7,2.0,5.0,0.0
445,0.1570863723754882,0.7,2.0,5.0,0.0
446,0.1284301280975341,0.7,2.0,5.0,0.0
447,0.1538982391357422,0.7,2.0,5.0,0.0
448,0.1022770404815673,0.7,2.0,5.0,0.0
449,0.1305086612701416,0.7,2.0,5.0,0.0
450,0.1407821178436279,0.7,2.0,5.0,0.0
451,0.1115851402282714,0.7,2.0,5.0,0.0
452,0.1459333896636963,0.7,2.0,5.0,0.0
453,0.1437127590179443,0.7,2.0,5.0,0.0
454,0.1308991909027099,0.7,2.0,5.0,0.0
455,0.1488418579101562,0.7,2.0,5.0,0.0
456,0.1317102909088134,0.7,2.0,5.0,0.0
457,0.1258997917175293,0.7,2.0,5.0,0.0
458,0.1206955909729003,0.7,2.0,5.0,0.0
459,0.1108787059783935,0.7,2.0,5.0,0.0
460,0.1283342838287353,0.7,2.0,5.0,0.0
461,0.1362743377685547,0.7,2.0,5.0,0.0
462,0.1465029716491699,0.7,2.0,5.0,0.0
463,0.1362812519073486,0.7,2.0,5.0,0.0
464,0.1228017807006836,0.7,2.0,5.0,0.0
465,0.1403965950012207,0.7,2.0,5.0,0.0
466,0.1169064044952392,0.7,2.0,5.0,0.0
467,0.1537933349609375,0.7,2.0,5.0,0.0
468,0.1326494216918945,0.7,2.0,5.0,0.0
469,0.1628005504608154,0.7,2.0,5.0,0.0
470,0.2388372421264648,0.7,2.0,5.0,0.0
471,0.151242971420288,0.7,2.0,5.0,0.0
472,0.1512603759765625,0.7,2.0,5.0,0.0
473,0.1349759101867675,0.7,2.0,5.0,0.0
474,0.1480698585510254,0.7,2.0,5.0,0.0
475,0.1169674396514892,0.7,2.0,5.0,0.0
476,0.1034116744995117,0.7,2.0,5.0,0.0
477,0.1093101501464843,0.7,2.0,5.0,0.0
478,0.1362628936767578,0.7,2.0,5.0,0.0
479,0.1418344974517822,0.7,2.0,5.0,0.0
480,0.1312267780303955,0.7,2.0,5.0,0.0
481,0.1289465427398681,0.7,2.0,5.0,0.0
482,0.1188361644744873,0.7,2.0,5.0,0.0
483,0.1029706001281738,0.7,2.0,5.0,0.0
484,0.11004638671875,0.7,2.0,5.0,0.0
485,0.1020045280456543,0.7,2.0,5.0,0.0
486,0.1156351566314697,0.7,2.0,5.0,0.0
487,0.1335115432739257,0.7,2.0,5.0,0.0
488,0.1274964809417724,0.7,2.0,5.0,0.0
489,0.1061558723449707,0.7,2.0,5.0,0.0
490,0.1217553615570068,0.7,2.0,5.0,0.0
491,0.1124539375305175,0.7,2.0,5.0,0.0
492,0.110978364944458,0.7,2.0,5.0,0.0
493,0.1182084083557128,0.7,2.0,5.0,0.0
494,0.1047804355621337,0.7,2.0,5.0,0.0
495,0.1329271793365478,0.7,2.0,5.0,0.0
496,0.1053292751312255,0.7,2.0,5.0,0.0
497,0.1273901462554931,0.7,2.0,5.0,0.0
498,0.1241800785064697,0.7,2.0,5.0,0.0
499,0.1048164367675781,0.7,2.0,5.0,0.0
500,0.1510820388793945,0.7,2.0,5.0,0.0
501,0.1459591388702392,0.7,2.0,5.0,0.0
502,0.1321690082550048,0.7,2.0,5.0,0.0
503,0.1002373695373535,0.7,2.0,5.0,0.0
504,0.1333792209625244,0.7,2.0,5.0,0.0
505,0.1066694259643554,0.7,2.0,5.0,0.0
506,0.1170251369476318,0.7,2.0,5.0,0.0
507,0.1167702674865722,0.7,2.0,5.0,0.0
508,0.1157972812652587,0.7,2.0,5.0,0.0
509,0.121084451675415,0.7,2.0,5.0,0.0
510,0.1218407154083252,0.7,2.0,5.0,0.0
511,0.1847052574157714,0.7,2.0,5.0,0.0
512,0.1145312786102294,0.7,2.0,5.0,0.0
513,0.101001501083374,0.7,2.0,5.0,0.0
514,0.1334965229034423,0.7,2.0,5.0,0.0
515,0.1178138256072998,0.7,2.0,5.0,0.0
516,0.1516337394714355,0.7,2.0,5.0,0.0
517,0.1297941207885742,0.7,2.0,5.0,0.0
518,0.1405165195465088,0.7,2.0,5.0,0.0
519,0.1393494606018066,0.7,2.0,5.0,0.0
520,0.13071870803833,0.7,2.0,5.0,0.0
521,0.0997612476348877,0.7,2.0,5.0,0.0
522,0.1571338176727295,0.7,2.0,5.0,0.0
523,0.1230607032775878,0.7,2.0,5.0,0.0
524,0.1091358661651611,0.7,2.0,5.0,0.0
525,0.1305348873138427,0.7,2.0,5.0,0.0
526,0.1147603988647461,0.7,2.0,5.0,0.0
527,0.1064860820770263,0.7,2.0,5.0,0.0
528,0.123215913772583,0.7,2.0,5.0,0.0
529,0.1325249671936035,0.7,2.0,5.0,0.0
530,0.1668734550476074,0.7,2.0,5.0,0.0
531,0.136070966720581,0.7,2.0,5.0,0.0
532,0.1148452758789062,0.7,2.0,5.0,0.0
533,0.1292030811309814,0.7,2.0,5.0,0.0
534,0.1219677925109863,0.7,2.0,5.0,0.0
535,0.1112983226776123,0.7,2.0,5.0,0.0
536,0.1163580417633056,0.7,2.0,5.0,0.0
537,0.1056945323944091,0.7,2.0,5.0,0.0
538,0.11993408203125,0.7,2.0,5.0,0.0
539,0.1107258796691894,0.7,2.0,5.0,0.0
540,0.1172006130218505,0.7,2.0,5.0,0.0
541,0.1571357250213623,0.7,2.0,5.0,0.0
542,0.10182785987854,0.7,2.0,5.0,0.0
543,0.1133701801300048,0.7,2.0,5.0,0.0
544,0.1132116317749023,0.7,2.0,5.0,0.0
545,0.1500911712646484,0.7,2.0,5.0,0.0
546,0.1416382789611816,0.7,2.0,5.0,0.0
547,0.1025197505950927,0.7,2.0,5.0,0.0
548,0.1108217239379882,0.7,2.0,5.0,0.0
549,0.1159579753875732,0.7,2.0,5.0,0.0
550,0.1101257801055908,0.7,2.0,5.0,0.0
551,0.0975813865661621,0.7,2.0,5.0,0.0
552,0.1047675609588623,0.7,2.0,5.0,0.0
553,0.1105902194976806,0.7,2.0,5.0,0.0
554,0.2764310836791992,0.7,2.0,5.0,0.0
555,0.1189615726470947,0.7,2.0,5.0,0.0
556,0.1066508293151855,0.7,2.0,5.0,0.0
557,0.104466438293457,0.7,2.0,5.0,0.0
558,0.1152944564819336,0.7,2.0,5.0,0.0
559,0.1115925312042236,0.7,2.0,5.0,0.0
560,0.1214973926544189,0.7,2.0,5.0,0.0
561,0.1323628425598144,0.7,2.0,5.0,0.0
562,0.1296114921569824,0.7,2.0,5.0,0.0
563,0.1097548007965087,0.7,2.0,5.0,0.0
564,0.1040434837341308,0.7,2.0,5.0,0.0
565,0.1039063930511474,0.7,2.0,5.0,0.0
566,0.1184437274932861,0.7,2.0,5.0,0.0
567,0.1243734359741211,0.7,2.0,5.0,0.0
568,0.1432948112487793,0.7,2.0,5.0,0.0
569,0.1119759082794189,0.7,2.0,5.0,0.0
570,0.102302074432373,0.7,2.0,5.0,0.0
571,0.1177082061767578,0.7,2.0,5.0,0.0
572,0.107532262802124,0.7,2.0,5.0,0.0
573,0.1032938957214355,0.7,2.0,5.0,0.0
574,0.1046252250671386,0.7,2.0,5.0,0.0
575,0.1048529148101806,0.7,2.0,5.0,0.0
576,0.1092896461486816,0.7,2.0,5.0,0.0
577,0.1338927745819091,0.7,2.0,5.0,0.0
578,0.1165239810943603,0.7,2.0,5.0,0.0
579,0.1137049198150634,0.7,2.0,5.0,0.0
580,0.1008682250976562,0.7,2.0,5.0,0.0
581,0.1343152523040771,0.7,2.0,5.0,0.0
582,0.1356258392333984,0.7,2.0,5.0,0.0
583,0.110086441040039,0.7,2.0,5.0,0.0
584,0.1081845760345459,0.7,2.0,5.0,0.0
585,0.1024632453918457,0.7,2.0,5.0,0.0
586,0.1169025897979736,0.7,2.0,5.0,0.0
587,0.0966215133666992,0.7,2.0,5.0,0.0
588,0.1071205139160156,0.7,2.0,5.0,0.0
589,0.1041121482849121,0.7,2.0,5.0,0.0
590,0.105201244354248,0.7,2.0,5.0,0.0
591,0.0972869396209716,0.7,2.0,5.0,0.0
592,0.119171142578125,0.7,2.0,5.0,0.0
593,0.1214213371276855,0.7,2.0,5.0,0.0
594,0.1540496349334716,0.7,2.0,5.0,0.0
595,0.1311554908752441,0.7,2.0,5.0,0.0
596,0.1516544818878173,0.7,2.0,5.0,0.0
597,0.1863195896148681,0.7,2.0,5.0,0.0
598,0.2097811698913574,0.7,2.0,5.0,0.0
599,0.126335859298706,0.7,2.0,5.0,0.0
600,0.1056735515594482,0.7,2.0,5.0,0.0
601,0.1117703914642334,0.7,2.0,5.0,0.0
602,0.1134788990020752,0.7,2.0,5.0,0.0
603,0.1441907882690429,0.7,2.0,5.0,0.0
604,0.1562328338623047,0.7,2.0,5.0,0.0
605,0.1042568683624267,0.7,2.0,5.0,0.0
606,0.1480700969696045,0.7,2.0,5.0,0.0
607,0.1202163696289062,0.7,2.0,5.0,0.0
608,0.1379251480102539,0.7,2.0,5.0,0.0
609,0.1759989261627197,0.7,2.0,5.0,0.0
610,0.1512372493743896,0.7,2.0,5.0,0.0
611,0.1387073993682861,0.7,2.0,5.0,0.0
612,0.11155366897583,0.7,2.0,5.0,0.0
613,0.1374242305755615,0.7,2.0,5.0,0.0
614,0.1330914497375488,0.7,2.0,5.0,0.0
615,0.1373190879821777,0.7,2.0,5.0,0.0
616,0.2266850471496582,0.7,2.0,5.0,0.0
617,0.1758322715759277,0.7,2.0,5.0,0.0
618,0.1420559883117675,0.7,2.0,5.0,0.0
619,0.1106317043304443,0.7,2.0,5.0,0.0
620,0.1409950256347656,0.7,2.0,5.0,0.0
621,0.1942238807678222,0.7,2.0,5.0,0.0
622,0.1413264274597168,0.7,2.0,5.0,0.0
623,0.1551120281219482,0.7,2.0,5.0,0.0
624,0.1429438591003418,0.7,2.0,5.0,0.0
625,0.1127762794494628,0.7,2.0,5.0,0.0
626,0.1387169361114502,0.7,2.0,5.0,0.0
627,0.1076948642730712,0.7,2.0,5.0,0.0
628,0.1075861454010009,0.7,2.0,5.0,0.0
629,0.1400067806243896,0.7,2.0,5.0,0.0
630,0.1502268314361572,0.7,2.0,5.0,0.0
631,0.1946346759796142,0.7,2.0,5.0,0.0
632,0.1552190780639648,0.7,2.0,5.0,0.0
633,0.1197502613067627,0.7,2.0,5.0,0.0
634,0.2043941020965576,0.7,2.0,5.0,0.0
635,0.1613967418670654,0.7,2.0,5.0,0.0
636,0.1008450984954834,0.7,2.0,5.0,0.0
637,0.1666734218597412,0.7,2.0,5.0,0.0
638,0.1555287837982177,0.7,2.0,5.0,0.0
639,0.1369526386260986,0.7,2.0,5.0,0.0
640,0.1083521842956543,0.7,2.0,5.0,0.0
641,0.153228759765625,0.7,2.0,5.0,0.0
642,0.1273725032806396,0.7,2.0,5.0,0.0
643,0.121584415435791,0.7,2.0,5.0,0.0
644,0.1466920375823974,0.7,2.0,5.0,0.0
645,0.1063594818115234,0.7,2.0,5.0,0.0
646,0.1484477519989013,0.7,2.0,5.0,0.0
647,0.1248238086700439,0.7,2.0,5.0,0.0
648,0.1867015361785888,0.7,2.0,5.0,0.0
649,0.1393272876739502,0.7,2.0,5.0,0.0
650,0.1181886196136474,0.7,2.0,5.0,0.0
651,0.1436586380004882,0.7,2.0,5.0,0.0
652,0.1315927505493164,0.7,2.0,5.0,0.0
653,0.1763467788696289,0.7,2.0,5.0,0.0
654,0.171177864074707,0.7,2.0,5.0,0.0
655,0.1488509178161621,0.7,2.0,5.0,0.0
656,0.1338996887207031,0.7,2.0,5.0,0.0
657,0.1339173316955566,0.7,2.0,5.0,0.0
658,0.1442275047302246,0.7,2.0,5.0,0.0
659,0.1393599510192871,0.7,2.0,5.0,0.0
660,0.133338451385498,0.7,2.0,5.0,0.0
661,0.1214256286621093,0.7,2.0,5.0,0.0
662,0.1261579990386963,0.7,2.0,5.0,0.0
663,0.1704978942871093,0.7,2.0,5.0,0.0
664,0.1389904022216797,0.7,2.0,5.0,0.0
665,0.1066865921020507,0.7,2.0,5.0,0.0
666,0.135416030883789,0.7,2.0,5.0,0.0
667,0.1724512577056884,0.7,2.0,5.0,0.0
668,0.1249732971191406,0.7,2.0,5.0,0.0
669,0.1606390476226806,0.7,2.0,5.0,0.0
670,0.1046302318572998,0.7,2.0,5.0,0.0
671,0.1287546157836914,0.7,2.0,5.0,0.0
672,0.1369225978851318,0.7,2.0,5.0,0.0
673,0.1472501754760742,0.7,2.0,5.0,0.0
674,0.1520593166351318,0.7,2.0,5.0,0.0
675,0.1432926654815673,0.7,2.0,5.0,0.0
676,0.1310889720916748,0.7,2.0,5.0,0.0
677,0.0961885452270507,0.7,2.0,5.0,0.0
678,0.1512608528137207,0.7,2.0,5.0,0.0
679,0.1239933967590332,0.7,2.0,5.0,0.0
680,0.1536390781402588,0.7,2.0,5.0,0.0
681,0.1355690956115722,0.7,2.0,5.0,0.0
682,0.1355843544006347,0.7,2.0,5.0,0.0
683,0.1216742992401123,0.7,2.0,5.0,0.0
684,0.1254158020019531,0.7,2.0,5.0,0.0
685,0.14589524269104,0.7,2.0,5.0,0.0
686,0.1372718811035156,0.7,2.0,5.0,0.0
687,0.1300382614135742,0.7,2.0,5.0,0.0
688,0.1572413444519043,0.7,2.0,5.0,0.0
689,0.1606726646423339,0.7,2.0,5.0,0.0
690,0.1369502544403076,0.7,2.0,5.0,0.0
691,0.1144344806671142,0.7,2.0,5.0,0.0
692,0.105093240737915,0.7,2.0,5.0,0.0
693,0.1408658027648925,0.7,2.0,5.0,0.0
694,0.1272065639495849,0.7,2.0,5.0,0.0
695,0.1220362186431884,0.7,2.0,5.0,0.0
696,0.1327002048492431,0.7,2.0,5.0,0.0
697,0.1343011856079101,0.7,2.0,5.0,0.0
698,0.1404333114624023,0.7,2.0,5.0,0.0
699,0.1435871124267578,0.7,2.0,5.0,0.0
700,0.1301569938659668,0.7,2.0,5.0,0.0
701,0.0988197326660156,0.7,2.0,5.0,0.0
702,0.1301527023315429,0.7,2.0,5.0,0.0
703,0.150266408920288,0.7,2.0,5.0,0.0
704,0.1223471164703369,0.7,2.0,5.0,0.0
705,0.1360101699829101,0.7,2.0,5.0,0.0
706,0.128286600112915,0.7,2.0,5.0,0.0
707,0.1599242687225341,0.7,2.0,5.0,0.0
708,0.1529996395111084,0.7,2.0,5.0,0.0
709,0.1492869853973388,0.7,2.0,5.0,0.0
710,0.1472940444946289,0.7,2.0,5.0,0.0
711,0.1320676803588867,0.7,2.0,5.0,0.0
712,0.1299083232879638,0.7,2.0,5.0,0.0
713,0.1346020698547363,0.7,2.0,5.0,0.0
714,0.1458277702331543,0.7,2.0,5.0,0.0
715,0.1421952247619629,0.7,2.0,5.0,0.0
716,0.1296806335449218,0.7,2.0,5.0,0.0
717,0.1113357543945312,0.7,2.0,5.0,0.0
718,0.1180236339569091,0.7,2.0,5.0,0.0
719,0.1438174247741699,0.7,2.0,5.0,0.0
720,0.1309907436370849,0.7,2.0,5.0,0.0
721,0.1398305892944336,0.7,2.0,5.0,0.0
722,0.1600639820098877,0.7,2.0,5.0,0.0
723,0.1406066417694091,0.7,2.0,5.0,0.0
724,0.1192421913146972,0.7,2.0,5.0,0.0
725,0.1409482955932617,0.7,2.0,5.0,0.0
726,0.141707181930542,0.7,2.0,5.0,0.0
727,0.1330578327178955,0.7,2.0,5.0,0.0
728,0.1294796466827392,0.7,2.0,5.0,0.0
729,0.1331565380096435,0.7,2.0,5.0,0.0
730,0.1468408107757568,0.7,2.0,5.0,0.0
731,0.1297469139099121,0.7,2.0,5.0,0.0
732,0.1152174472808837,0.7,2.0,5.0,0.0
733,0.1453862190246582,0.7,2.0,5.0,0.0
734,0.1905443668365478,0.7,2.0,5.0,0.0
735,0.2504348754882812,0.7,2.0,5.0,0.0
736,0.1882407665252685,0.7,2.0,5.0,0.0
737,0.1506626605987548,0.7,2.0,5.0,0.0
738,0.1329400539398193,0.7,2.0,5.0,0.0
739,0.1404643058776855,0.7,2.0,5.0,0.0
740,0.1452565193176269,0.7,2.0,5.0,0.0
741,0.1180853843688964,0.7,2.0,5.0,0.0
742,0.0984742641448974,0.7,2.0,5.0,0.0
743,0.1612141132354736,0.7,2.0,5.0,0.0
744,0.1041576862335205,0.7,2.0,5.0,0.0
745,0.1277775764465332,0.7,2.0,5.0,0.0
746,0.1120388507843017,0.7,2.0,5.0,0.0
747,0.144505500793457,0.7,2.0,5.0,0.0
748,0.1353120803833007,0.7,2.0,5.0,0.0
749,0.1300153732299804,0.7,2.0,5.0,0.0
750,0.1172761917114257,0.7,2.0,5.0,0.0
751,0.1044557094573974,0.7,2.0,5.0,0.0
752,0.1286327838897705,0.7,2.0,5.0,0.0
753,0.1342394351959228,0.7,2.0,5.0,0.0
754,0.1253108978271484,0.7,2.0,5.0,0.0
755,0.1406805515289306,0.7,2.0,5.0,0.0
756,0.1128973960876464,0.7,2.0,5.0,0.0
757,0.1006317138671875,0.7,2.0,5.0,0.0
758,0.1721663475036621,0.7,2.0,5.0,0.0
759,0.0984525680541992,0.7,2.0,5.0,0.0
760,0.1372861862182617,0.7,2.0,5.0,0.0
761,0.1800363063812255,0.7,2.0,5.0,0.0
762,0.1602933406829834,0.7,2.0,5.0,0.0
763,0.1006567478179931,0.7,2.0,5.0,0.0
764,0.1259565353393554,0.7,2.0,5.0,0.0
765,0.1488218307495117,0.7,2.0,5.0,0.0
766,0.150015115737915,0.7,2.0,5.0,0.0
767,0.1157665252685546,0.7,2.0,5.0,0.0
768,0.133298635482788,0.7,2.0,5.0,0.0
769,0.1515150070190429,0.7,2.0,5.0,0.0
770,0.1433067321777343,0.7,2.0,5.0,0.0
771,0.1693699359893798,0.7,2.0,5.0,0.0
772,0.195138931274414,0.7,2.0,5.0,0.0
773,0.1595537662506103,0.7,2.0,5.0,0.0
774,0.1208846569061279,0.7,2.0,5.0,0.0
775,0.1508023738861084,0.7,2.0,5.0,0.0
776,0.1516623497009277,0.7,2.0,5.0,0.0
777,0.1377429962158203,0.7,2.0,5.0,0.0
778,0.1549937725067138,0.7,2.0,5.0,0.0
779,0.1133537292480468,0.7,2.0,5.0,0.0
780,0.137174367904663,0.7,2.0,5.0,0.0
781,0.1396725177764892,0.7,2.0,5.0,0.0
782,0.1222867965698242,0.7,2.0,5.0,0.0
783,0.1332814693450927,0.7,2.0,5.0,0.0
784,0.1522181034088134,0.7,2.0,5.0,0.0
785,0.1483161449432373,0.7,2.0,5.0,0.0
786,0.1153128147125244,0.7,2.0,5.0,0.0
787,0.1235749721527099,0.7,2.0,5.0,0.0
788,0.1628909111022949,0.7,2.0,5.0,0.0
789,0.1116323471069336,0.7,2.0,5.0,0.0
790,0.1332263946533203,0.7,2.0,5.0,0.0
791,0.1412403583526611,0.7,2.0,5.0,0.0
792,0.1197061538696289,0.7,2.0,5.0,0.0
793,0.1348214149475097,0.7,2.0,5.0,0.0
794,0.1512761116027832,0.7,2.0,5.0,0.0
795,0.1618168354034423,0.7,2.0,5.0,0.0
796,0.1609277725219726,0.7,2.0,5.0,0.0
797,0.1245195865631103,0.7,2.0,5.0,0.0
798,0.2114014625549316,0.7,2.0,5.0,0.0
799,0.125063419342041,0.7,2.0,5.0,0.0
800,0.1376874446868896,0.7,2.0,5.0,0.0
801,0.1637158393859863,0.7,2.0,5.0,0.0
802,0.1151623725891113,0.7,2.0,5.0,0.0
803,0.1905968189239502,0.7,2.0,5.0,0.0
804,0.1132493019104003,0.7,2.0,5.0,0.0
805,0.1461851596832275,0.7,2.0,5.0,0.0
806,0.1556799411773681,0.7,2.0,5.0,0.0
807,0.1454744338989257,0.7,2.0,5.0,0.0
808,0.1421568393707275,0.7,2.0,5.0,0.0
809,0.1678786277770996,0.7,2.0,5.0,0.0
810,0.1454017162322998,0.7,2.0,5.0,0.0
811,0.1267917156219482,0.7,2.0,5.0,0.0
812,0.1761445999145507,0.7,2.0,5.0,0.0
813,0.1876969337463379,0.7,2.0,5.0,0.0
814,0.142005443572998,0.7,2.0,5.0,0.0
815,0.1715269088745117,0.7,2.0,5.0,0.0
816,0.1362819671630859,0.7,2.0,5.0,0.0
817,0.1582708358764648,0.7,2.0,5.0,0.0
818,0.1620159149169922,0.7,2.0,5.0,0.0
819,0.1397736072540283,0.7,2.0,5.0,0.0
820,0.1382186412811279,0.7,2.0,5.0,0.0
821,0.1215786933898925,0.7,2.0,5.0,0.0
822,0.1879494190216064,0.7,2.0,5.0,0.0
823,0.1382091045379638,0.7,2.0,5.0,0.0
824,0.1625361442565918,0.7,2.0,5.0,0.0
825,0.1292257308959961,0.7,2.0,5.0,0.0
826,0.1410977840423584,0.7,2.0,5.0,0.0
827,0.1389453411102295,0.7,2.0,5.0,0.0
828,0.167163610458374,0.7,2.0,5.0,0.0
829,0.1413760185241699,0.7,2.0,5.0,0.0
830,0.1692988872528076,0.7,2.0,5.0,0.0
831,0.1692571640014648,0.7,2.0,5.0,0.0
832,0.1478064060211181,0.7,2.0,5.0,0.0
833,0.1662464141845703,0.7,2.0,5.0,0.0
834,0.1517336368560791,0.7,2.0,5.0,0.0
835,0.1426787376403808,0.7,2.0,5.0,0.0
836,0.151249885559082,0.7,2.0,5.0,0.0
837,0.1562492847442627,0.7,2.0,5.0,0.0
838,0.18562912940979,0.7,2.0,5.0,0.0
839,0.1641438007354736,0.7,2.0,5.0,0.0
840,0.1692352294921875,0.7,2.0,5.0,0.0
841,0.1998987197875976,0.7,2.0,5.0,0.0
842,0.1998510360717773,0.7,2.0,5.0,0.0
843,0.2601847648620605,0.7,2.0,5.0,0.0
844,0.1369285583496093,0.7,2.0,5.0,0.0
845,0.1922259330749511,0.7,2.0,5.0,0.0
846,0.1711947917938232,0.7,2.0,5.0,0.0
847,0.2220470905303955,0.7,2.0,5.0,0.0
848,0.1742238998413086,0.7,2.0,5.0,0.0
849,0.1642801761627197,0.7,2.0,5.0,0.0
850,0.1605374813079834,0.7,2.0,5.0,0.0
851,0.1726245880126953,0.7,2.0,5.0,0.0
852,0.1711983680725097,0.7,2.0,5.0,0.0
853,0.1582133769989013,0.7,2.0,5.0,0.0
854,0.1568508148193359,0.7,2.0,5.0,0.0
855,0.1701948642730713,0.7,2.0,5.0,0.0
856,0.1987369060516357,0.7,2.0,5.0,0.0
857,0.2384836673736572,0.7,2.0,5.0,0.0
858,0.2009904384613037,0.7,2.0,5.0,0.0
859,0.1933214664459228,0.7,2.0,5.0,0.0
860,0.2040622234344482,0.7,2.0,5.0,0.0
861,0.1887919902801513,0.7,2.0,5.0,0.0
862,0.1587324142456054,0.7,2.0,5.0,0.0
863,0.1377336978912353,0.7,2.0,5.0,0.0
864,0.166560411453247,0.7,2.0,5.0,0.0
865,0.1306540966033935,0.7,2.0,5.0,0.0
866,0.1573805809020996,0.7,2.0,5.0,0.0
867,0.1514627933502197,0.7,2.0,5.0,0.0
868,0.1841132640838623,0.7,2.0,5.0,0.0
869,0.1851918697357177,0.7,2.0,5.0,0.0
870,0.1635937690734863,0.7,2.0,5.0,0.0
871,0.127467393875122,0.7,2.0,5.0,0.0
872,0.1633162498474121,0.7,2.0,5.0,0.0
873,0.1479880809783935,0.7,2.0,5.0,0.0
874,0.141855239868164,0.7,2.0,5.0,0.0
875,0.1442940235137939,0.7,2.0,5.0,0.0
876,0.140939712524414,0.7,2.0,5.0,0.0
877,0.1486492156982422,0.7,2.0,5.0,0.0
878,0.1567747592926025,0.7,2.0,5.0,0.0
879,0.1388595104217529,0.7,2.0,5.0,0.0
880,0.1523077487945556,0.7,2.0,5.0,0.0
881,0.1535327434539795,0.7,2.0,5.0,0.0
882,0.1794202327728271,0.7,2.0,5.0,0.0
883,0.1552281379699707,0.7,2.0,5.0,0.0
884,0.178333044052124,0.7,2.0,5.0,0.0
885,0.1810839176177978,0.7,2.0,5.0,0.0
886,0.8454391956329346,0.7,2.0,5.0,0.0
887,0.1697661876678466,0.8,2.0,5.0,0.0
888,0.3074719905853271,0.7,5.0,5.0,1.0
889,0.2407290935516357,0.8,5.0,5.0,1.0
890,0.2591321468353271,0.8,5.0,5.0,1.0
891,0.2848963737487793,0.8,5.0,5.0,1.0
892,0.2476415634155273,0.8,5.0,5.0,1.0
893,0.2622420787811279,0.8,5.0,5.0,0.0
894,0.279409646987915,0.85,5.0,5.0,0.0
895,1.059664011001587,0.7,2.0,5.0,0.0
896,0.2438094615936279,0.7,3.0,5.0,0.0
897,0.2223460674285888,0.7,4.0,5.0,0.0
898,0.2392759323120117,0.7,5.0,5.0,1.0
899,0.2911841869354248,0.8,5.0,5.0,0.0
900,1.195692539215088,0.7,2.0,5.0,0.0
901,0.5138039588928223,0.7,5.0,5.0,1.0
902,0.4194087982177734,0.8,5.0,5.0,1.0
903,0.4128751754760742,0.9,5.0,5.0,0.0
904,0.1692028045654297,0.8,5.0,5.0,1.0
905,0.1788108348846435,0.8,5.0,5.0,0.0
906,0.1695301532745361,0.9,5.0,5.0,0.0
907,0.139481782913208,0.9,5.0,5.0,1.0
908,0.1365730762481689,0.8,5.0,5.0,1.0
909,0.1423912048339843,0.7,5.0,5.0,0.0
910,0.350325345993042,0.7,5.0,5.0,1.0
911,0.337662935256958,0.9,5.0,5.0,1.0
912,0.2429187297821045,0.7,5.0,5.0,0.0
913,0.2342572212219238,0.9,5.0,5.0,0.0
914,0.2603046894073486,0.9,5.0,5.0,0.0
915,0.2236776351928711,0.9,5.0,5.0,1.0
916,0.1363840103149414,0.7,2.0,5.0,0.0
917,0.1594383716583252,0.7,3.0,5.0,0.0
918,0.1665687561035156,0.9,3.0,5.0,0.0
919,0.1337816715240478,0.9,2.0,5.0,0.0
920,0.1521298885345459,0.7,4.0,5.0,0.0
921,0.1516315937042236,0.8,4.0,5.0,0.0
922,0.1721189022064209,0.9,5.0,5.0,1.0
923,0.1629688739776611,0.7,5.0,5.0,1.0
924,0.1364176273345947,0.7,3.0,5.0,0.0
925,0.1623561382293701,0.7,4.0,5.0,0.0
926,0.1866559982299804,0.7,5.0,5.0,1.0
927,0.1477272510528564,0.7,5.0,5.0,0.0
928,0.2072916030883789,0.7,5.0,5.0,0.0
929,0.3116614818572998,0.7,5.0,5.0,0.0
930,0.3089187145233154,0.7,5.0,5.0,1.0
931,0.565366268157959,0.7,5.0,5.0,1.0
932,0.5104258060455322,0.7,3.0,5.0,0.0
933,0.2732930183410644,0.7,5.0,5.0,0.0
934,0.2597308158874511,0.9,5.0,5.0,0.0
935,0.146167516708374,0.7,5.0,5.0,1.0
936,0.2275869846343994,0.7,5.0,5.0,1.0
937,0.1380388736724853,0.7,5.0,5.0,1.0
938,0.1403918266296386,0.7,3.0,5.0,1.0
939,0.1527004241943359,0.7,4.0,5.0,1.0
940,0.1486380100250244,0.7,3.0,5.0,1.0
941,0.1292445659637451,0.9,3.0,5.0,1.0
942,0.1272296905517578,0.7,5.0,5.0,1.0
943,0.1939015388488769,0.7,5.0,5.0,1.0
944,0.2118782997131347,0.7,5.0,5.0,1.0
945,0.1571364402770996,0.7,3.0,5.0,0.0
946,0.1874279975891113,0.7,4.0,5.0,1.0
947,0.1635072231292724,0.8,3.0,5.0,0.0
948,0.2046337127685547,0.7,4.0,5.0,1.0
949,0.2099950313568115,0.9,5.0,5.0,1.0
950,0.1605863571166992,0.7,3.0,5.0,0.0
951,0.1866183280944824,0.7,5.0,5.0,1.0
952,0.1913704872131347,0.7,3.0,5.0,1.0
953,0.1843061447143554,0.7,4.0,5.0,1.0
954,0.1845803260803222,0.7,5.0,5.0,1.0
955,0.1842563152313232,0.9,3.0,5.0,1.0
956,0.268277645111084,0.7,5.0,5.0,0.0
957,0.2055473327636718,0.7,3.0,5.0,0.0
958,0.4813165664672851,0.7,5.0,5.0,0.0
959,0.3332550525665283,0.7,5.0,5.0,0.0
960,0.2155623435974121,0.7,5.0,5.0,1.0
961,0.1869401931762695,0.7,3.0,5.0,0.0
962,0.1985113620758056,0.7,4.0,5.0,0.0
963,0.2139441967010498,0.7,5.0,5.0,1.0
964,2.120805263519287,0.7,4.0,5.0,0.0
965,0.256676435470581,0.8,5.0,5.0,1.0
966,0.1565628051757812,0.8,3.0,5.0,0.0
967,0.1842830181121826,0.7,4.0,5.0,0.0
968,0.1883625984191894,0.7,5.0,5.0,1.0
969,0.1534476280212402,0.7,3.0,5.0,1.0
970,0.1633262634277343,0.7,2.0,5.0,0.0
971,0.2057216167449951,0.7,3.0,5.0,0.0
972,0.2869462966918945,0.8,5.0,5.0,0.0
973,0.2556500434875488,0.7,5.0,5.0,0.0
974,0.1946306228637695,0.7,3.0,5.0,0.0
975,0.2640211582183838,0.7,5.0,5.0,1.0
976,0.1909012794494629,0.7,3.0,5.0,0.0
977,0.263298749923706,0.7,5.0,5.0,0.0
978,0.3821609020233154,0.7,2.0,5.0,0.0
979,0.2796247005462646,0.7,4.0,5.0,0.0
980,0.2813632488250732,0.7,3.0,5.0,0.0
981,0.2643964290618896,0.7,4.0,5.0,0.0
982,0.3998160362243652,0.7,5.0,5.0,1.0
983,0.3089692592620849,0.85,5.0,5.0,1.0
984,0.3128833770751953,0.7,5.0,5.0,0.0
985,0.453265905380249,0.7,2.0,5.0,0.0
986,0.2488672733306884,0.7,2.0,5.0,0.0
987,0.2999091148376465,0.7,2.0,5.0,0.0
988,0.2014765739440918,0.7,2.0,5.0,0.0
989,0.1472411155700683,0.7,2.0,5.0,0.0
990,0.2099881172180175,0.7,2.0,5.0,0.0
991,0.1411607265472412,0.7,2.0,5.0,0.0
992,0.1954391002655029,0.7,2.0,5.0,0.0
993,0.1543688774108886,0.7,2.0,5.0,0.0
994,0.149383544921875,0.7,2.0,5.0,0.0
995,0.3425681591033935,0.7,5.0,5.0,0.0
996,0.5087504386901855,0.7,2.0,5.0,0.0
997,0.1174690723419189,0.7,2.0,5.0,0.0
998,0.1499636173248291,0.7,2.0,5.0,0.0
999,0.1388449668884277,0.7,2.0,5.0,0.0
1000,0.1081337928771972,0.7,2.0,5.0,0.0
1001,0.2337660789489746,0.7,2.0,5.0,0.0
1002,0.1041457653045654,0.7,2.0,5.0,0.0
1003,0.1559813022613525,0.7,2.0,5.0,0.0
1004,0.1256179809570312,0.7,2.0,5.0,0.0
1005,0.1417491436004638,0.7,2.0,5.0,0.0
1006,0.197141408920288,0.7,2.0,5.0,0.0
1007,0.1315624713897705,0.7,2.0,5.0,0.0
1008,0.1168975830078125,0.7,2.0,5.0,0.0
1009,0.1941564083099365,0.7,2.0,5.0,0.0
1010,0.1189043521881103,0.7,2.0,5.0,0.0
1011,0.1601817607879638,0.7,2.0,5.0,0.0
1012,0.1307871341705322,0.7,2.0,5.0,0.0
1013,0.1305112838745117,0.7,2.0,5.0,0.0
1014,0.0781905651092529,0.7,2.0,5.0,0.0
1015,0.1282870769500732,0.7,2.0,5.0,0.0
1016,0.1446204185485839,0.7,2.0,5.0,0.0
1017,0.1317822933197021,0.7,2.0,5.0,0.0
1018,0.1077275276184082,0.7,2.0,5.0,0.0
1019,0.1504168510437011,0.7,2.0,5.0,0.0
1020,0.1769332885742187,0.7,2.0,5.0,0.0
1021,0.1432700157165527,0.7,2.0,5.0,0.0
1022,0.1323022842407226,0.7,2.0,5.0,0.0
1023,0.1388554573059082,0.7,2.0,5.0,0.0
1024,0.1694905757904052,0.7,2.0,5.0,0.0
1025,0.1451265811920166,0.7,2.0,5.0,0.0
1026,0.1245372295379638,0.7,2.0,5.0,0.0
1027,0.1410667896270752,0.7,2.0,5.0,0.0
1028,0.1612226963043213,0.7,2.0,5.0,0.0
1029,0.1461794376373291,0.7,2.0,5.0,0.0
1030,0.1389679908752441,0.7,2.0,5.0,0.0
1031,0.1549854278564453,0.7,2.0,5.0,0.0
1032,0.130324125289917,0.7,2.0,5.0,0.0
1033,0.1207010746002197,0.7,2.0,5.0,0.0
1034,0.1374332904815673,0.7,2.0,5.0,0.0
1035,0.0728592872619628,0.7,2.0,5.0,0.0
1036,0.1245696544647216,0.7,2.0,5.0,0.0
1037,0.1934123039245605,0.7,2.0,5.0,0.0
1038,0.1148369312286377,0.7,2.0,5.0,0.0
1039,0.1660797595977783,0.7,2.0,5.0,0.0
1040,0.1510391235351562,0.7,2.0,5.0,0.0
1041,0.1465988159179687,0.7,2.0,5.0,0.0
1042,0.1373257637023925,0.7,2.0,5.0,0.0
1043,0.1213490962982177,0.7,2.0,5.0,0.0
1044,0.1743528842926025,0.7,2.0,5.0,0.0
1045,0.1718466281890869,0.7,2.0,5.0,0.0
1046,0.1361753940582275,0.7,2.0,5.0,0.0
1047,0.1267311573028564,0.7,2.0,5.0,0.0
1048,0.165658950805664,0.7,2.0,5.0,0.0
1049,0.134333848953247,0.7,2.0,5.0,0.0
1050,0.130533218383789,0.7,2.0,5.0,0.0
1051,0.1220896244049072,0.7,2.0,5.0,0.0
1052,0.1253759860992431,0.7,2.0,5.0,0.0
1053,0.0781044960021972,0.7,2.0,5.0,0.0
1054,0.1726195812225341,0.7,2.0,5.0,0.0
1055,0.1528370380401611,0.7,2.0,5.0,0.0
1056,0.0807232856750488,0.7,2.0,5.0,0.0
1057,0.1388757228851318,0.7,2.0,5.0,0.0
1058,0.128371000289917,0.7,2.0,5.0,0.0
1059,0.0795319080352783,0.7,2.0,5.0,0.0
1060,0.187920331954956,0.7,2.0,5.0,0.0
1061,0.1304502487182617,0.7,2.0,5.0,0.0
1062,0.164588451385498,0.7,2.0,5.0,0.0
1063,0.1510050296783447,0.7,2.0,5.0,0.0
1064,0.1607954502105713,0.7,2.0,5.0,0.0
1065,0.1744263172149658,0.7,2.0,5.0,0.0
1066,0.2068936824798584,0.7,2.0,5.0,0.0
1067,0.1877446174621582,0.7,2.0,5.0,0.0
1068,0.1604151725769043,0.7,2.0,5.0,0.0
1069,0.1336481571197509,0.7,2.0,5.0,0.0
1070,0.1965870857238769,0.7,2.0,5.0,0.0
1071,0.1847608089447021,0.7,2.0,5.0,0.0
1072,0.196739912033081,0.7,2.0,5.0,0.0
1073,0.1554512977600097,0.7,2.0,5.0,0.0
1074,0.1692986488342285,0.7,2.0,5.0,0.0
1075,0.134164810180664,0.7,2.0,5.0,0.0
1076,0.1135423183441162,0.7,2.0,5.0,0.0
1077,0.1679527759552002,0.7,2.0,5.0,0.0
1078,0.2357101440429687,0.7,2.0,5.0,0.0
1079,0.1753120422363281,0.7,2.0,5.0,0.0
1080,0.2237904071807861,0.7,2.0,5.0,0.0
1081,0.2409675121307373,0.7,2.0,5.0,0.0
1082,0.1595113277435302,0.7,2.0,5.0,0.0
1083,0.1388897895812988,0.7,2.0,5.0,0.0
1084,0.1632027626037597,0.7,2.0,5.0,0.0
1085,0.1473119258880615,0.7,2.0,5.0,0.0
1086,0.1286003589630127,0.7,2.0,5.0,0.0
1087,0.1336622238159179,0.7,2.0,5.0,0.0
1088,0.0841279029846191,0.7,2.0,5.0,0.0
1089,0.1541240215301513,0.7,2.0,5.0,0.0
1090,0.1742894649505615,0.7,2.0,5.0,0.0
1091,0.2266478538513183,0.7,2.0,5.0,0.0
1092,0.1185142993927002,0.7,2.0,5.0,0.0
1093,0.3012139797210693,0.7,2.0,5.0,0.0
1094,0.1735122203826904,0.7,2.0,5.0,0.0
1095,0.223315954208374,0.7,2.0,5.0,0.0
1096,0.1209564208984375,0.7,2.0,5.0,0.0
1097,0.1925089359283447,0.7,2.0,5.0,0.0
1098,0.1978542804718017,0.7,2.0,5.0,0.0
1099,0.1723942756652832,0.7,2.0,5.0,0.0
1100,0.1821603775024414,0.7,2.0,5.0,0.0
1101,0.1592605113983154,0.7,2.0,5.0,0.0
1102,0.2049365043640136,0.7,2.0,5.0,0.0
1103,0.1133701801300048,0.7,2.0,5.0,0.0
1104,0.1281559467315673,0.7,2.0,5.0,0.0
1105,0.170180082321167,0.7,2.0,5.0,0.0
1106,0.1980669498443603,0.7,2.0,5.0,0.0
1107,0.148808479309082,0.7,2.0,5.0,0.0
1108,0.1778302192687988,0.7,2.0,5.0,0.0
1109,0.1617107391357422,0.7,2.0,5.0,0.0
1110,0.1445820331573486,0.7,2.0,5.0,0.0
1111,0.1820461750030517,0.7,2.0,5.0,0.0
1112,0.1395928859710693,0.7,2.0,5.0,0.0
1113,0.2034919261932373,0.7,2.0,5.0,0.0
1114,0.4734070301055908,0.7,2.0,5.0,0.0
1115,0.2420253753662109,0.7,2.0,5.0,0.0
1116,0.2125155925750732,0.7,2.0,5.0,0.0
1117,0.2465829849243164,0.7,2.0,5.0,0.0
1118,0.2662835121154785,0.7,2.0,5.0,0.0
1119,0.1943395137786865,0.7,2.0,5.0,0.0
1120,0.3079004287719726,0.7,2.0,5.0,0.0
1121,0.1698076725006103,0.7,2.0,5.0,0.0
1122,0.1478102207183838,0.7,2.0,5.0,0.0
1123,0.1901752948760986,0.7,2.0,5.0,0.0
1124,0.157902717590332,0.7,2.0,5.0,0.0
1125,0.1225233078002929,0.7,2.0,5.0,0.0
1126,0.1300101280212402,0.7,2.0,5.0,0.0
1127,0.1410965919494629,0.7,2.0,5.0,0.0
1128,0.1663904190063476,0.7,2.0,5.0,0.0
1129,0.1276230812072754,0.7,2.0,5.0,0.0
1130,0.1655910015106201,0.7,2.0,5.0,0.0
1131,0.1526052951812744,0.7,2.0,5.0,0.0
1132,0.1640188694000244,0.7,2.0,5.0,0.0
1133,0.1470048427581787,0.7,2.0,5.0,0.0
1134,0.1830694675445556,0.7,2.0,5.0,0.0
1135,0.2200527191162109,0.7,2.0,5.0,0.0
1136,0.1910154819488525,0.7,2.0,5.0,0.0
1137,0.1667196750640869,0.7,2.0,5.0,0.0
1138,0.0920484066009521,0.7,2.0,5.0,0.0
1139,0.1596734523773193,0.7,2.0,5.0,0.0
1140,0.1969199180603027,0.7,2.0,5.0,0.0
1141,0.1397807598114013,0.7,2.0,5.0,0.0
1142,0.1735584735870361,0.7,2.0,5.0,0.0
1143,0.2025225162506103,0.7,2.0,5.0,0.0
1144,0.1675074100494384,0.7,2.0,5.0,0.0
1145,0.1890077590942382,0.7,2.0,5.0,0.0
1146,0.201747179031372,0.7,2.0,5.0,0.0
1147,0.1607031822204589,0.7,2.0,5.0,0.0
1148,0.1289703845977783,0.7,2.0,5.0,0.0
1149,0.1775455474853515,0.7,2.0,5.0,0.0
1150,0.2348697185516357,0.7,2.0,5.0,0.0
1151,0.1357715129852295,0.7,2.0,5.0,0.0
1152,0.1507792472839355,0.7,2.0,5.0,0.0
1153,0.1651546955108642,0.7,2.0,5.0,0.0
1154,0.1954598426818847,0.7,2.0,5.0,0.0
1155,0.219339370727539,0.7,2.0,5.0,0.0
1156,0.2651898860931396,0.7,2.0,5.0,0.0
1157,0.2321028709411621,0.7,2.0,5.0,0.0
1158,0.1845953464508056,0.7,2.0,5.0,0.0
1159,0.1266665458679199,0.7,2.0,5.0,0.0
1160,0.1530308723449707,0.7,2.0,5.0,0.0
1161,0.2103993892669677,0.7,2.0,5.0,0.0
1162,0.2039499282836914,0.7,2.0,5.0,0.0
1163,0.1221461296081543,0.7,2.0,5.0,0.0
1164,0.1320838928222656,0.7,2.0,5.0,0.0
1165,0.1464533805847168,0.7,2.0,5.0,0.0
1166,0.1340219974517822,0.7,2.0,5.0,0.0
1167,0.1713738441467285,0.7,2.0,5.0,0.0
1168,0.1699955463409423,0.7,2.0,5.0,0.0
1169,0.1356382369995117,0.7,2.0,5.0,0.0
1170,0.1620833873748779,0.7,2.0,5.0,0.0
1171,0.1394894123077392,0.7,2.0,5.0,0.0
1172,0.1720690727233886,0.7,2.0,5.0,0.0
1173,0.1811902523040771,0.7,2.0,5.0,0.0
1174,0.2048113346099853,0.7,2.0,5.0,0.0
1175,0.1672232151031494,0.7,2.0,5.0,0.0
1176,0.1549713611602783,0.7,2.0,5.0,0.0
1177,0.1558952331542968,0.7,2.0,5.0,0.0
1178,0.143583059310913,0.7,2.0,5.0,0.0
1179,0.1025807857513427,0.7,2.0,5.0,0.0
1180,0.0757527351379394,0.7,2.0,5.0,0.0
1181,0.1992769241333007,0.7,2.0,5.0,0.0
1182,0.1474812030792236,0.7,2.0,5.0,0.0
1183,0.1411285400390625,0.7,2.0,5.0,0.0
1184,0.179215669631958,0.7,2.0,5.0,0.0
1185,0.1470129489898681,0.7,2.0,5.0,0.0
1186,0.1314692497253418,0.7,2.0,5.0,0.0
1187,0.1256189346313476,0.7,2.0,5.0,0.0
1188,0.1917228698730468,0.7,2.0,5.0,0.0
1189,0.1612422466278076,0.7,2.0,5.0,0.0
1190,0.1759159564971923,0.7,2.0,5.0,0.0
1191,0.1172845363616943,0.7,2.0,5.0,0.0
1192,0.158555269241333,0.7,2.0,5.0,0.0
1193,0.1310231685638427,0.7,2.0,5.0,0.0
1194,0.1375501155853271,0.7,2.0,5.0,0.0
1195,0.1611261367797851,0.7,2.0,5.0,0.0
1196,0.1491720676422119,0.7,2.0,5.0,0.0
1197,0.126408576965332,0.7,2.0,5.0,0.0
1198,0.1232740879058837,0.7,2.0,5.0,0.0
1199,0.1621387004852295,0.7,2.0,5.0,0.0
1200,0.1287987232208252,0.7,2.0,5.0,0.0
1201,0.1432170867919922,0.7,2.0,5.0,0.0
1202,0.1662399768829345,0.7,2.0,5.0,0.0
1203,0.1610333919525146,0.7,2.0,5.0,0.0
1204,0.1496999263763427,0.7,2.0,5.0,0.0
1205,0.1618733406066894,0.7,2.0,5.0,0.0
1206,0.1614341735839843,0.7,2.0,5.0,0.0
1207,0.1603097915649414,0.7,2.0,5.0,0.0
1208,0.1559271812438964,0.7,2.0,5.0,0.0
1209,0.1516189575195312,0.7,2.0,5.0,0.0
1210,0.1282861232757568,0.7,2.0,5.0,0.0
1211,0.153233528137207,0.7,2.0,5.0,0.0
1212,0.1847267150878906,0.7,2.0,5.0,0.0
1213,0.1677126884460449,0.7,2.0,5.0,0.0
1214,0.1335048675537109,0.7,2.0,5.0,0.0
1215,0.1779654026031494,0.7,2.0,5.0,0.0
1216,0.1342759132385254,0.7,2.0,5.0,0.0
1217,0.1447291374206543,0.7,2.0,5.0,0.0
1218,0.1162593364715576,0.7,2.0,5.0,0.0
1219,0.1342837810516357,0.7,2.0,5.0,0.0
1220,0.1156764030456543,0.7,2.0,5.0,0.0
1221,0.1378901004791259,0.7,2.0,5.0,0.0
1222,0.1231184005737304,0.7,2.0,5.0,0.0
1223,0.2117822170257568,0.7,2.0,5.0,0.0
1224,0.1700456142425537,0.7,2.0,5.0,0.0
1225,0.1129004955291748,0.7,2.0,5.0,0.0
1226,0.1375257968902588,0.7,2.0,5.0,0.0
1227,0.116612434387207,0.7,2.0,5.0,0.0
1228,0.1335642337799072,0.7,2.0,5.0,0.0
1229,0.1147327423095703,0.7,2.0,5.0,0.0
1230,0.1536426544189453,0.7,2.0,5.0,0.0
1231,0.1290957927703857,0.7,2.0,5.0,0.0
1232,0.159947395324707,0.7,2.0,5.0,0.0
1233,0.2557229995727539,0.7,2.0,5.0,0.0
1234,0.1863977909088134,0.7,2.0,5.0,0.0
1235,0.0798060894012451,0.7,2.0,5.0,0.0
1236,0.1565313339233398,0.7,2.0,5.0,0.0
1237,0.2164762020111084,0.7,2.0,5.0,0.0
1238,0.1907806396484375,0.7,2.0,5.0,0.0
1239,0.2327246665954589,0.7,2.0,5.0,0.0
1240,0.134641408920288,0.7,2.0,5.0,0.0
1241,0.2088899612426757,0.7,2.0,5.0,0.0
1242,0.2120556831359863,0.7,2.0,5.0,0.0
1243,0.2262351512908935,0.7,2.0,5.0,0.0
1244,0.183349609375,0.7,2.0,5.0,0.0
1245,0.2182803153991699,0.7,2.0,5.0,0.0
1246,0.1692273616790771,0.7,2.0,5.0,0.0
1247,0.1265666484832763,0.7,2.0,5.0,0.0
1248,0.1179757118225097,0.7,2.0,5.0,0.0
1249,0.1745531558990478,0.7,2.0,5.0,0.0
1250,0.1574673652648925,0.7,2.0,5.0,0.0
1251,0.169818639755249,0.7,2.0,5.0,0.0
1252,0.0890266895294189,0.7,2.0,5.0,0.0
1253,0.1342699527740478,0.7,2.0,5.0,0.0
1254,0.1399476528167724,0.7,2.0,5.0,0.0
1255,0.1356720924377441,0.7,2.0,5.0,0.0
1256,0.1394891738891601,0.7,2.0,5.0,0.0
1257,0.1638064384460449,0.7,2.0,5.0,0.0
1258,0.1790747642517089,0.7,2.0,5.0,0.0
1259,0.1196129322052002,0.7,2.0,5.0,0.0
1260,0.1256666183471679,0.7,2.0,5.0,0.0
1261,0.127504825592041,0.7,2.0,5.0,0.0
1262,0.119638442993164,0.7,2.0,5.0,0.0
1263,0.1482641696929931,0.7,2.0,5.0,0.0
1264,0.1484010219573974,0.7,2.0,5.0,0.0
1265,0.1125853061676025,0.7,2.0,5.0,0.0
1266,0.1356542110443115,0.7,2.0,5.0,0.0
1267,0.1137058734893798,0.7,2.0,5.0,0.0
1268,0.1610231399536132,0.7,2.0,5.0,0.0
1269,0.1760809421539306,0.7,2.0,5.0,0.0
1270,0.1677286624908447,0.7,2.0,5.0,0.0
1271,0.1598594188690185,0.7,2.0,5.0,0.0
1272,0.1855013370513916,0.7,2.0,5.0,0.0
1273,0.1597483158111572,0.7,2.0,5.0,0.0
1274,0.262225866317749,0.7,2.0,5.0,0.0
1275,0.1717774868011474,0.7,2.0,5.0,0.0
1276,0.1961421966552734,0.7,2.0,5.0,0.0
1277,0.0783221721649169,0.7,2.0,5.0,0.0
1278,0.132746934890747,0.7,2.0,5.0,0.0
1279,0.1305916309356689,0.7,2.0,5.0,0.0
1280,0.1865592002868652,0.7,2.0,5.0,0.0
1281,0.1567203998565673,0.7,2.0,5.0,0.0
1282,0.2400155067443847,0.7,2.0,5.0,0.0
1283,0.1797783374786377,0.7,2.0,5.0,0.0
1284,0.251760721206665,0.7,2.0,5.0,0.0
1285,0.2502565383911133,0.7,2.0,5.0,0.0
1286,0.2718648910522461,0.7,2.0,5.0,0.0
1287,0.1539483070373535,0.7,2.0,5.0,0.0
1288,0.0800421237945556,0.7,2.0,5.0,0.0
1289,0.1431472301483154,0.7,2.0,5.0,0.0
1290,0.1669676303863525,0.7,2.0,5.0,0.0
1291,0.1336574554443359,0.7,2.0,5.0,0.0
1292,0.1960983276367187,0.7,2.0,5.0,0.0
1293,0.1832454204559326,0.7,2.0,5.0,0.0
1294,0.1440896987915039,0.7,2.0,5.0,0.0
1295,0.1342208385467529,0.7,2.0,5.0,0.0
1296,0.1378793716430664,0.7,2.0,5.0,0.0
1297,0.1526310443878173,0.7,2.0,5.0,0.0
1298,0.1277494430541992,0.7,2.0,5.0,0.0
1299,0.1723489761352539,0.7,2.0,5.0,0.0
1300,0.1443235874176025,0.7,2.0,5.0,0.0
1301,0.1046037673950195,0.7,2.0,5.0,0.0
1302,0.1624987125396728,0.7,2.0,5.0,0.0
1303,0.1762845516204834,0.7,2.0,5.0,0.0
1304,0.1511273384094238,0.7,2.0,5.0,0.0
1305,0.1355154514312744,0.7,2.0,5.0,0.0
1306,0.1565518379211425,0.7,2.0,5.0,0.0
1307,0.1887741088867187,0.7,2.0,5.0,0.0
1308,0.1247289180755615,0.7,2.0,5.0,0.0
1309,0.1708376407623291,0.7,2.0,5.0,0.0
1310,0.2662184238433838,0.7,2.0,5.0,0.0
1311,0.2550199031829834,0.7,2.0,5.0,0.0
1312,0.2608611583709717,0.7,2.0,5.0,0.0
1313,0.1824793815612793,0.7,2.0,5.0,0.0
1314,0.1382749080657959,0.7,2.0,5.0,0.0
1315,0.0932304859161377,0.7,2.0,5.0,0.0
1316,0.1235511302947998,0.7,2.0,5.0,0.0
1317,0.1598777770996093,0.7,2.0,5.0,0.0
1318,0.1784083843231201,0.7,2.0,5.0,0.0
1319,0.1282262802124023,0.7,2.0,5.0,0.0
1320,0.1331660747528076,0.7,2.0,5.0,0.0
1321,0.1604034900665283,0.7,2.0,5.0,0.0
1322,0.1755106449127197,0.7,2.0,5.0,0.0
1323,0.1575081348419189,0.7,2.0,5.0,0.0
1324,0.1220872402191162,0.7,2.0,5.0,0.0
1325,0.1449096202850341,0.7,2.0,5.0,0.0
1326,0.0774183273315429,0.7,2.0,5.0,0.0
1327,0.141939640045166,0.7,2.0,5.0,0.0
1328,0.1714069843292236,0.7,2.0,5.0,0.0
1329,0.1473848819732666,0.7,2.0,5.0,0.0
1330,0.1602561473846435,0.7,2.0,5.0,0.0
1331,0.1748430728912353,0.7,2.0,5.0,0.0
1332,0.107241153717041,0.7,2.0,5.0,0.0
1333,0.1289660930633545,0.7,2.0,5.0,0.0
1334,0.1346933841705322,0.7,2.0,5.0,0.0
1335,0.1377050876617431,0.7,2.0,5.0,0.0
1336,0.1668117046356201,0.7,2.0,5.0,0.0
1337,0.1627006530761718,0.7,2.0,5.0,0.0
1338,0.1967124938964843,0.7,2.0,5.0,0.0
1339,0.1721229553222656,0.7,2.0,5.0,0.0
1340,0.2233364582061767,0.7,2.0,5.0,0.0
1341,0.2352735996246338,0.7,2.0,5.0,0.0
1342,0.1644084453582763,0.7,2.0,5.0,0.0
1343,0.1769983768463134,0.7,2.0,5.0,0.0
1344,0.1722145080566406,0.7,2.0,5.0,0.0
1345,0.2798511981964111,0.7,2.0,5.0,0.0
1346,0.1769230365753173,0.7,2.0,5.0,0.0
1347,0.1784515380859375,0.7,2.0,5.0,0.0
1348,0.1404929161071777,0.7,2.0,5.0,0.0
1349,0.2245974540710449,0.7,2.0,5.0,0.0
1350,0.2130687236785888,0.7,2.0,5.0,0.0
1351,0.2909262180328369,0.7,2.0,5.0,0.0
1352,0.189260721206665,0.7,2.0,5.0,0.0
1353,0.2046635150909423,0.7,2.0,5.0,0.0
1354,0.2031705379486084,0.7,2.0,5.0,0.0
1355,0.1894054412841797,0.7,2.0,5.0,0.0
1356,0.1959297657012939,0.7,2.0,5.0,0.0
1357,0.1959590911865234,0.7,2.0,5.0,0.0
1358,0.2244250774383545,0.7,2.0,5.0,0.0
1359,0.163712739944458,0.7,2.0,5.0,0.0
1360,0.2037017345428466,0.7,2.0,5.0,0.0
1361,0.1528422832489013,0.7,2.0,5.0,0.0
1362,0.1500823497772216,0.7,2.0,5.0,0.0
1363,0.2060995101928711,0.7,2.0,5.0,0.0
1364,0.1767361164093017,0.7,2.0,5.0,0.0
1365,0.1324431896209716,0.7,2.0,5.0,0.0
1366,0.1455144882202148,0.7,2.0,5.0,0.0
1367,0.1267237663269043,0.7,2.0,5.0,0.0
1368,0.140247106552124,0.7,2.0,5.0,0.0
1369,0.1333379745483398,0.7,2.0,5.0,0.0
1370,0.1202478408813476,0.7,2.0,5.0,0.0
1371,0.1343307495117187,0.7,2.0,5.0,0.0
1372,0.1440920829772949,0.7,2.0,5.0,0.0
1373,0.1282880306243896,0.7,2.0,5.0,0.0
1374,0.1255652904510498,0.7,2.0,5.0,0.0
1375,0.1222398281097412,0.7,2.0,5.0,0.0
1376,0.1707637310028076,0.7,2.0,5.0,0.0
1377,0.1544637680053711,0.7,2.0,5.0,0.0
1378,0.1089704036712646,0.7,2.0,5.0,0.0
1379,0.1494719982147216,0.7,2.0,5.0,0.0
1380,0.1447765827178955,0.7,2.0,5.0,0.0
1381,0.1360175609588623,0.7,2.0,5.0,0.0
1382,0.1586289405822754,0.7,2.0,5.0,0.0
1383,0.1528470516204834,0.7,2.0,5.0,0.0
1384,0.1823883056640625,0.7,2.0,5.0,0.0
1385,0.2152097225189209,0.7,2.0,5.0,0.0
1386,0.1437335014343261,0.7,2.0,5.0,0.0
1387,0.2014703750610351,0.7,2.0,5.0,0.0
1388,0.2514533996582031,0.7,2.0,5.0,0.0
1389,0.2524740695953369,0.7,2.0,5.0,0.0
1390,0.3205206394195556,0.7,2.0,5.0,0.0
1391,0.1638662815093994,0.7,2.0,5.0,0.0
1392,0.2013678550720214,0.7,2.0,5.0,0.0
1393,0.2146234512329101,0.7,2.0,5.0,0.0
1394,0.2560076713562011,0.7,2.0,5.0,0.0
1395,0.1994106769561767,0.7,2.0,5.0,0.0
1396,0.2243483066558838,0.7,2.0,5.0,0.0
1397,0.1680421829223632,0.7,2.0,5.0,0.0
1398,0.1752128601074218,0.7,2.0,5.0,0.0
1399,0.1306021213531494,0.7,2.0,5.0,0.0
1400,0.1403658390045166,0.7,2.0,5.0,0.0
1401,0.1497268676757812,0.7,2.0,5.0,0.0
1402,0.1161952018737793,0.7,2.0,5.0,0.0
1403,0.1450707912445068,0.7,2.0,5.0,0.0
1404,0.1631066799163818,0.7,2.0,5.0,0.0
1405,0.1675982475280761,0.7,2.0,5.0,0.0
1406,0.1083476543426513,0.7,2.0,5.0,0.0
1407,0.1501166820526123,0.7,2.0,5.0,0.0
1408,0.1695852279663086,0.7,2.0,5.0,0.0
1409,0.1718738079071045,0.7,2.0,5.0,0.0
1410,0.1604049205780029,0.7,2.0,5.0,0.0
1411,0.2581474781036377,0.7,2.0,5.0,0.0
1412,0.1587777137756347,0.7,2.0,5.0,0.0
1413,0.1643393039703369,0.7,2.0,5.0,0.0
1414,0.1458814144134521,0.7,2.0,5.0,0.0
1415,0.1190550327301025,0.7,2.0,5.0,0.0
1416,0.2099552154541015,0.7,2.0,5.0,0.0
1417,0.1351244449615478,0.7,2.0,5.0,0.0
1418,0.1557433605194091,0.7,2.0,5.0,0.0
1419,0.1644997596740722,0.7,2.0,5.0,0.0
1420,0.1070442199707031,0.7,2.0,5.0,0.0
1421,0.1509556770324707,0.7,2.0,5.0,0.0
1422,0.1593489646911621,0.7,2.0,5.0,0.0
1423,0.1537396907806396,0.7,2.0,5.0,0.0
1424,0.151970624923706,0.7,2.0,5.0,0.0
1425,0.1402437686920166,0.7,2.0,5.0,0.0
1426,0.1543521881103515,0.7,2.0,5.0,0.0
1427,0.1534335613250732,0.7,2.0,5.0,0.0
1428,0.1494812965393066,0.7,2.0,5.0,0.0
1429,0.1465027332305908,0.7,2.0,5.0,0.0
1430,0.1497144699096679,0.7,2.0,5.0,0.0
1431,0.1526639461517334,0.7,2.0,5.0,0.0
1432,0.1929757595062255,0.7,2.0,5.0,0.0
1433,0.2036666870117187,0.7,2.0,5.0,0.0
1434,0.1533420085906982,0.7,2.0,5.0,0.0
1435,0.1661911010742187,0.7,2.0,5.0,0.0
1436,0.1152617931365966,0.7,2.0,5.0,0.0
1437,0.1689066886901855,0.7,2.0,5.0,0.0
1438,0.1751556396484375,0.7,2.0,5.0,0.0
1439,0.1130635738372802,0.7,2.0,5.0,0.0
1440,0.128939151763916,0.7,2.0,5.0,0.0
1441,0.1591019630432129,0.7,2.0,5.0,0.0
1442,0.1415073871612548,0.7,2.0,5.0,0.0
1443,0.1675810813903808,0.7,2.0,5.0,0.0
1444,0.0960233211517334,0.7,2.0,5.0,0.0
1445,0.1329193115234375,0.7,2.0,5.0,0.0
1446,0.1428964138031005,0.7,2.0,5.0,0.0
1447,0.1098017692565918,0.7,2.0,5.0,0.0
1448,0.1467823982238769,0.7,2.0,5.0,0.0
1449,0.1447477340698242,0.7,2.0,5.0,0.0
1450,0.1370587348937988,0.7,2.0,5.0,0.0
1451,0.1634318828582763,0.7,2.0,5.0,0.0
1452,0.1559605598449707,0.7,2.0,5.0,0.0
1453,0.1392829418182373,0.7,2.0,5.0,0.0
1454,0.1176064014434814,0.7,2.0,5.0,0.0
1455,0.1049461364746093,0.7,2.0,5.0,0.0
1456,0.1365799903869629,0.7,2.0,5.0,0.0
1457,0.1372981071472168,0.7,2.0,5.0,0.0
1458,0.1641356945037841,0.7,2.0,5.0,0.0
1459,0.156926155090332,0.7,2.0,5.0,0.0
1460,0.1404647827148437,0.7,2.0,5.0,0.0
1461,0.2081220149993896,0.7,2.0,5.0,0.0
1462,0.205888032913208,0.7,2.0,5.0,0.0
1463,0.1638197898864746,0.7,2.0,5.0,0.0
1464,0.1327133178710937,0.7,2.0,5.0,0.0
1465,0.1482388973236084,0.7,2.0,5.0,0.0
1466,0.1763539314270019,0.7,2.0,5.0,0.0
1467,0.133169412612915,0.7,2.0,5.0,0.0
1468,0.126476764678955,0.7,2.0,5.0,0.0
1469,0.1296114921569824,0.7,2.0,5.0,0.0
1470,0.1505818367004394,0.7,2.0,5.0,0.0
1471,0.112156867980957,0.7,2.0,5.0,0.0
1472,0.0961997509002685,0.7,2.0,5.0,0.0
1473,0.1075401306152343,0.7,2.0,5.0,0.0
1474,0.1474530696868896,0.7,2.0,5.0,0.0
1475,0.134268045425415,0.7,2.0,5.0,0.0
1476,0.1250374317169189,0.7,2.0,5.0,0.0
1477,0.1205575466156005,0.7,2.0,5.0,0.0
1478,0.1306962966918945,0.7,2.0,5.0,0.0
1479,0.1084632873535156,0.7,2.0,5.0,0.0
1480,0.1011743545532226,0.7,2.0,5.0,0.0
1481,0.1081702709197998,0.7,2.0,5.0,0.0
1482,0.1088216304779052,0.7,2.0,5.0,0.0
1483,0.1358077526092529,0.7,2.0,5.0,0.0
1484,0.1140942573547363,0.7,2.0,5.0,0.0
1485,0.1120162010192871,0.7,2.0,5.0,0.0
1486,0.1188406944274902,0.7,2.0,5.0,0.0
1487,0.1089339256286621,0.7,2.0,5.0,0.0
1488,0.0967488288879394,0.7,2.0,5.0,0.0
1489,0.13863205909729,0.7,2.0,5.0,0.0
1490,0.1656074523925781,0.7,2.0,5.0,0.0
1491,0.1539909839630127,0.7,2.0,5.0,0.0
1492,0.12270188331604,0.7,2.0,5.0,0.0
1493,0.1512901782989502,0.7,2.0,5.0,0.0
1494,0.1358909606933593,0.7,2.0,5.0,0.0
1495,0.1127090454101562,0.7,2.0,5.0,0.0
1496,0.1733696460723877,0.7,2.0,5.0,0.0
1497,0.1470065116882324,0.7,2.0,5.0,0.0
1498,0.1311104297637939,0.7,2.0,5.0,0.0
1499,0.098273754119873,0.7,2.0,5.0,0.0
1500,0.1307706832885742,0.7,2.0,5.0,0.0
1501,0.1084139347076416,0.7,2.0,5.0,0.0
1502,0.122218370437622,0.7,2.0,5.0,0.0
1503,0.1150643825531005,0.7,2.0,5.0,0.0
1504,0.1198115348815918,0.7,2.0,5.0,0.0
1505,0.1210854053497314,0.7,2.0,5.0,0.0
1506,0.1435146331787109,0.7,2.0,5.0,0.0
1507,0.2004384994506836,0.7,2.0,5.0,0.0
1508,0.1250896453857422,0.7,2.0,5.0,0.0
1509,0.1095647811889648,0.7,2.0,5.0,0.0
1510,0.1614797115325927,0.7,2.0,5.0,0.0
1511,0.140373945236206,0.7,2.0,5.0,0.0
1512,0.1519689559936523,0.7,2.0,5.0,0.0
1513,0.1326105594635009,0.7,2.0,5.0,0.0
1514,0.1387627124786377,0.7,2.0,5.0,0.0
1515,0.1280713081359863,0.7,2.0,5.0,0.0
1516,0.143073558807373,0.7,2.0,5.0,0.0
1517,0.1140806674957275,0.7,2.0,5.0,0.0
1518,0.1953706741333007,0.7,2.0,5.0,0.0
1519,0.1472845077514648,0.7,2.0,5.0,0.0
1520,0.1290602684020996,0.7,2.0,5.0,0.0
1521,0.1734304428100586,0.7,2.0,5.0,0.0
1522,0.1569905281066894,0.7,2.0,5.0,0.0
1523,0.1503477096557617,0.7,2.0,5.0,0.0
1524,0.1435346603393554,0.7,2.0,5.0,0.0
1525,0.1814467906951904,0.7,2.0,5.0,0.0
1526,0.220348834991455,0.7,2.0,5.0,0.0
1527,0.1721570491790771,0.7,2.0,5.0,0.0
1528,0.1361160278320312,0.7,2.0,5.0,0.0
1529,0.1501162052154541,0.7,2.0,5.0,0.0
1530,0.1411247253417968,0.7,2.0,5.0,0.0
1531,0.1335716247558593,0.7,2.0,5.0,0.0
1532,0.1612179279327392,0.7,2.0,5.0,0.0
1533,0.1201775074005127,0.7,2.0,5.0,0.0
1534,0.1300132274627685,0.7,2.0,5.0,0.0
1535,0.1154918670654296,0.7,2.0,5.0,0.0
1536,0.1204898357391357,0.7,2.0,5.0,0.0
1537,0.1628336906433105,0.7,2.0,5.0,0.0
1538,0.0988242626190185,0.7,2.0,5.0,0.0
1539,0.1284844875335693,0.7,2.0,5.0,0.0
1540,0.1327266693115234,0.7,2.0,5.0,0.0
1541,0.1707353591918945,0.7,2.0,5.0,0.0
1542,0.1644730567932129,0.7,2.0,5.0,0.0
1543,0.1623106002807617,0.7,2.0,5.0,0.0
1544,0.1350829601287841,0.7,2.0,5.0,0.0
1545,0.1634066104888916,0.7,2.0,5.0,0.0
1546,0.1280269622802734,0.7,2.0,5.0,0.0
1547,0.1168043613433837,0.7,2.0,5.0,0.0
1548,0.0996091365814209,0.7,2.0,5.0,0.0
1549,0.1140744686126709,0.7,2.0,5.0,0.0
1550,0.2855861186981201,0.7,2.0,5.0,0.0
1551,0.1160976886749267,0.7,2.0,5.0,0.0
1552,0.1079897880554199,0.7,2.0,5.0,0.0
1553,0.0971643924713134,0.7,2.0,5.0,0.0
1554,0.1246640682220459,0.7,2.0,5.0,0.0
1555,0.0992307662963867,0.7,2.0,5.0,0.0
1556,0.1241729259490966,0.7,2.0,5.0,0.0
1557,0.1401450634002685,0.7,2.0,5.0,0.0
1558,0.1392314434051513,0.7,2.0,5.0,0.0
1559,0.1121065616607666,0.7,2.0,5.0,0.0
1560,0.0950360298156738,0.7,2.0,5.0,0.0
1561,0.0964841842651367,0.7,2.0,5.0,0.0
1562,0.1303238868713379,0.7,2.0,5.0,0.0
1563,0.1237423419952392,0.7,2.0,5.0,0.0
1564,0.1334373950958252,0.7,2.0,5.0,0.0
1565,0.1197664737701416,0.7,2.0,5.0,0.0
1566,0.1068120002746582,0.7,2.0,5.0,0.0
1567,0.1353449821472168,0.7,2.0,5.0,0.0
1568,0.1262264251708984,0.7,2.0,5.0,0.0
1569,0.1280851364135742,0.7,2.0,5.0,0.0
1570,0.1263856887817382,0.7,2.0,5.0,0.0
1571,0.1242859363555908,0.7,2.0,5.0,0.0
1572,0.1321892738342285,0.7,2.0,5.0,0.0
1573,0.1467952728271484,0.7,2.0,5.0,0.0
1574,0.2113697528839111,0.7,2.0,5.0,0.0
1575,0.1383857727050781,0.7,2.0,5.0,0.0
1576,0.1117177009582519,0.7,2.0,5.0,0.0
1577,0.140899658203125,0.7,2.0,5.0,0.0
1578,0.1397058963775634,0.7,2.0,5.0,0.0
1579,0.1095612049102783,0.7,2.0,5.0,0.0
1580,0.1162061691284179,0.7,2.0,5.0,0.0
1581,0.1216838359832763,0.7,2.0,5.0,0.0
1582,0.1202425956726074,0.7,2.0,5.0,0.0
1583,0.104630708694458,0.7,2.0,5.0,0.0
1584,0.1206443309783935,0.7,2.0,5.0,0.0
1585,0.1087205410003662,0.7,2.0,5.0,0.0
1586,0.1270763874053955,0.7,2.0,5.0,0.0
1587,0.0986661911010742,0.7,2.0,5.0,0.0
1588,0.1160473823547363,0.7,2.0,5.0,0.0
1589,0.1177637577056884,0.7,2.0,5.0,0.0
1590,0.1334290504455566,0.7,2.0,5.0,0.0
1591,0.1169188022613525,0.7,2.0,5.0,0.0
1592,0.1392836570739746,0.7,2.0,5.0,0.0
1593,0.1194217205047607,0.7,2.0,5.0,0.0
1594,0.2024292945861816,0.7,2.0,5.0,0.0
1595,0.1099143028259277,0.7,2.0,5.0,0.0
1596,0.1197297573089599,0.7,2.0,5.0,0.0
1597,0.1678709983825683,0.7,2.0,5.0,0.0
1598,0.1765565872192382,0.7,2.0,5.0,0.0
1599,0.2473676204681396,0.7,2.0,5.0,0.0
1600,0.3315644264221191,0.7,2.0,5.0,0.0
1601,0.1753921508789062,0.7,2.0,5.0,0.0
1602,0.1719837188720703,0.7,2.0,5.0,0.0
1603,0.194554328918457,0.7,2.0,5.0,0.0
1604,0.1642079353332519,0.7,2.0,5.0,0.0
1605,0.1936466693878173,0.7,2.0,5.0,0.0
1606,0.1546328067779541,0.7,2.0,5.0,0.0
1607,0.1684126853942871,0.7,2.0,5.0,0.0
1608,0.1364750862121582,0.7,2.0,5.0,0.0
1609,0.1720209121704101,0.7,2.0,5.0,0.0
1610,0.1482412815093994,0.7,2.0,5.0,0.0
1611,0.138829231262207,0.7,2.0,5.0,0.0
1612,0.262005090713501,0.7,2.0,5.0,0.0
1613,0.207737922668457,0.7,2.0,5.0,0.0
1614,0.1488819122314453,0.7,2.0,5.0,0.0
1615,0.1216802597045898,0.7,2.0,5.0,0.0
1616,0.1604731082916259,0.7,2.0,5.0,0.0
1617,0.2132203578948974,0.7,2.0,5.0,0.0
1618,0.1530561447143554,0.7,2.0,5.0,0.0
1619,0.1568672657012939,0.7,2.0,5.0,0.0
1620,0.1385314464569091,0.7,2.0,5.0,0.0
1621,0.1981396675109863,0.7,2.0,5.0,0.0
1622,0.1347672939300537,0.7,2.0,5.0,0.0
1623,0.1865966320037841,0.7,2.0,5.0,0.0
1624,0.185124397277832,0.7,2.0,5.0,0.0
1625,0.140671968460083,0.7,2.0,5.0,0.0
1626,0.2304983139038086,0.7,2.0,5.0,0.0
1627,0.1238062381744384,0.7,2.0,5.0,0.0
1628,0.1860730648040771,0.7,2.0,5.0,0.0
1629,0.1460084915161132,0.7,2.0,5.0,0.0
1630,0.1544296741485595,0.7,2.0,5.0,0.0
1631,0.30684494972229,0.7,2.0,5.0,0.0
1632,0.1585054397583007,0.7,2.0,5.0,0.0
1633,0.1436595916748047,0.7,2.0,5.0,0.0
1634,0.2410986423492431,0.7,2.0,5.0,0.0
1635,0.1324868202209472,0.7,2.0,5.0,0.0
1636,0.1798210144042968,0.7,2.0,5.0,0.0
1637,0.1384985446929931,0.7,2.0,5.0,0.0
1638,0.1526274681091308,0.7,2.0,5.0,0.0
1639,0.1362426280975341,0.7,2.0,5.0,0.0
1640,0.1714262962341308,0.7,2.0,5.0,0.0
1641,0.1572523117065429,0.7,2.0,5.0,0.0
1642,0.1419787406921386,0.7,2.0,5.0,0.0
1643,0.1183719635009765,0.7,2.0,5.0,0.0
1644,0.1371040344238281,0.7,2.0,5.0,0.0
1645,0.1598706245422363,0.7,2.0,5.0,0.0
1646,0.1355609893798828,0.7,2.0,5.0,0.0
1647,0.1472504138946533,0.7,2.0,5.0,0.0
1648,0.1659367084503173,0.7,2.0,5.0,0.0
1649,0.206974983215332,0.7,2.0,5.0,0.0
1650,1.16322922706604,0.7,3.0,5.0,0.0
1651,0.3885600566864013,0.7,4.0,5.0,0.0
1652,0.2428879737854004,0.7,5.0,5.0,1.0
1653,0.2680122852325439,0.7,5.0,5.0,0.0
1654,0.4367408752441406,0.7,2.0,5.0,0.0
1655,0.3109569549560547,0.7,5.0,5.0,0.0
1656,0.8281035423278809,0.8,2.0,5.0,0.0
1657,0.1491837501525879,0.7,2.0,5.0,0.0
1658,0.3302030563354492,0.7,5.0,5.0,1.0
1659,0.7279257774353027,0.7,4.0,5.0,1.0
1660,0.2998445034027099,0.7,2.0,5.0,0.0
1661,0.1553807258605957,0.7,2.0,5.0,0.0
1662,0.5672004222869873,0.7,2.0,5.0,0.0
1663,0.1538224220275879,0.7,2.0,5.0,0.0
1664,0.1769073009490966,0.7,2.0,5.0,0.0
1665,0.1523683071136474,0.7,2.0,5.0,0.0
1666,0.173363447189331,0.7,2.0,5.0,0.0
1667,0.5083107948303223,0.7,5.0,5.0,1.0
1668,0.256920576095581,0.9,5.0,5.0,0.0
1669,0.5547277927398682,0.7,5.0,5.0,0.0
1670,0.1300990581512451,0.7,2.0,5.0,0.0
1671,0.0320761203765869,0.7,2.0,5.0,0.0
1672,0.0377120971679687,0.7,5.0,5.0,1.0
1673,0.0264496803283691,0.7,3.0,5.0,1.0
1674,0.0254616737365722,0.7,4.0,5.0,1.0
1675,0.0162451267242431,0.7,2.0,5.0,0.0
1676,0.0251979827880859,0.7,3.0,5.0,1.0
1677,0.0358266830444335,0.7,4.0,5.0,1.0
1678,0.0439281463623046,0.7,5.0,5.0,0.0
1679,0.0368258953094482,0.7,4.0,5.0,0.0
1680,0.0257794857025146,0.7,5.0,5.0,1.0
1681,0.0255794525146484,0.7,4.0,5.0,0.0
1682,0.0171351432800292,0.7,2.0,5.0,0.0
1683,0.0230989456176757,0.7,5.0,5.0,1.0
1684,0.0235481262207031,0.7,4.0,5.0,1.0
1685,0.0277483463287353,0.7,5.0,5.0,1.0
1686,0.0283539295196533,0.7,4.0,5.0,1.0
1687,0.0172781944274902,0.9,2.0,5.0,0.0
1688,0.0209386348724365,0.7,2.0,5.0,0.0
1689,0.0258233547210693,0.7,3.0,5.0,0.0
1690,0.0264756679534912,0.7,3.0,5.0,0.0
1691,0.0262839794158935,0.7,4.0,5.0,1.0
1692,0.0266153812408447,0.7,3.0,5.0,0.0
1693,0.0278458595275878,0.7,4.0,5.0,1.0
1694,0.0263428688049316,0.7,4.0,5.0,1.0
1695,0.0272834300994873,0.7,3.0,5.0,0.0
1696,0.0288207530975341,0.7,5.0,5.0,1.0
1697,0.0277471542358398,0.7,4.0,5.0,1.0
1698,0.0247061252593994,0.7,3.0,5.0,0.0
1699,0.02840280532836914,0.7,4.0,5.0,1.0
