no,inference_time,p_tar,nr_branch_edge,nr_branch_model,isTerminate
0,0.15041184425354,0.7,2.0,5.0,0.0
1,0.1238131523132324,0.7,2.0,5.0,0.0
2,0.1723692417144775,0.7,2.0,5.0,0.0
3,0.1463327407836914,0.7,2.0,5.0,0.0
4,0.1262052059173584,0.7,2.0,5.0,0.0
5,0.2241909503936767,0.7,2.0,5.0,0.0
6,0.128648042678833,0.7,2.0,5.0,0.0
7,0.1510064601898193,0.7,2.0,5.0,0.0
8,0.1270525455474853,0.7,2.0,5.0,0.0
9,0.142219066619873,0.7,2.0,5.0,0.0
10,0.2142696380615234,0.7,2.0,5.0,0.0
11,0.1501719951629638,0.7,2.0,5.0,0.0
12,0.1368207931518554,0.7,2.0,5.0,0.0
13,0.2383990287780761,0.7,2.0,5.0,0.0
14,0.1326150894165039,0.7,2.0,5.0,0.0
15,0.1843531131744384,0.7,2.0,5.0,0.0
16,0.1453397274017334,0.7,2.0,5.0,0.0
17,0.140643835067749,0.7,2.0,5.0,0.0
18,0.0800435543060302,0.7,2.0,5.0,0.0
19,0.1363234519958496,0.7,2.0,5.0,0.0
20,0.1588468551635742,0.7,2.0,5.0,0.0
21,0.1491694450378418,0.7,2.0,5.0,0.0
22,0.1140363216400146,0.7,2.0,5.0,0.0
23,0.1287555694580078,0.7,2.0,5.0,0.0
24,0.1500236988067627,0.7,2.0,5.0,0.0
25,0.132483959197998,0.7,2.0,5.0,0.0
26,0.1320037841796875,0.7,2.0,5.0,0.0
27,0.1536767482757568,0.7,2.0,5.0,0.0
28,0.1739869117736816,0.7,2.0,5.0,0.0
29,0.1499576568603515,0.7,2.0,5.0,0.0
30,0.1338164806365966,0.7,2.0,5.0,0.0
31,0.1792027950286865,0.7,2.0,5.0,0.0
32,0.1922113895416259,0.7,2.0,5.0,0.0
33,0.213691234588623,0.7,2.0,5.0,0.0
34,0.1913509368896484,0.7,2.0,5.0,0.0
35,0.2453887462615966,0.7,2.0,5.0,0.0
36,0.2150568962097168,0.7,2.0,5.0,0.0
37,0.2346792221069336,0.7,2.0,5.0,0.0
38,0.193239688873291,0.7,2.0,5.0,0.0
39,0.1277010440826416,0.7,2.0,5.0,0.0
40,0.1611828804016113,0.7,2.0,5.0,0.0
41,0.2701230049133301,0.7,2.0,5.0,0.0
42,0.14689302444458,0.7,2.0,5.0,0.0
43,0.1879677772521972,0.7,2.0,5.0,0.0
44,0.1612575054168701,0.7,2.0,5.0,0.0
45,0.1629140377044677,0.7,2.0,5.0,0.0
46,0.1555814743041992,0.7,2.0,5.0,0.0
47,0.1352078914642334,0.7,2.0,5.0,0.0
48,0.1909210681915283,0.7,2.0,5.0,0.0
49,0.1825265884399414,0.7,2.0,5.0,0.0
50,0.1700484752655029,0.7,2.0,5.0,0.0
51,0.139794111251831,0.7,2.0,5.0,0.0
52,0.1569433212280273,0.7,2.0,5.0,0.0
53,0.1394429206848144,0.7,2.0,5.0,0.0
54,0.1412324905395507,0.7,2.0,5.0,0.0
55,0.1304826736450195,0.7,2.0,5.0,0.0
56,0.1344609260559082,0.7,2.0,5.0,0.0
57,0.0846762657165527,0.7,2.0,5.0,0.0
58,0.1772768497467041,0.7,2.0,5.0,0.0
59,0.1545138359069824,0.7,2.0,5.0,0.0
60,0.0858328342437744,0.7,2.0,5.0,0.0
61,0.1466257572174072,0.7,2.0,5.0,0.0
62,0.1367530822753906,0.7,2.0,5.0,0.0
63,0.0848650932312011,0.7,2.0,5.0,0.0
64,0.1881179809570312,0.7,2.0,5.0,0.0
65,0.1370630264282226,0.7,2.0,5.0,0.0
66,0.1640591621398925,0.7,2.0,5.0,0.0
67,0.1411337852478027,0.7,2.0,5.0,0.0
68,0.1564581394195556,0.7,2.0,5.0,0.0
69,0.1666312217712402,0.7,2.0,5.0,0.0
70,0.1710348129272461,0.7,2.0,5.0,0.0
71,0.1641542911529541,0.7,2.0,5.0,0.0
72,0.1620182991027832,0.7,2.0,5.0,0.0
73,0.1390376091003418,0.7,2.0,5.0,0.0
74,0.1986503601074218,0.7,2.0,5.0,0.0
75,0.1523663997650146,0.7,2.0,5.0,0.0
76,0.1835551261901855,0.7,2.0,5.0,0.0
77,0.1509253978729248,0.7,2.0,5.0,0.0
78,0.1445827484130859,0.7,2.0,5.0,0.0
79,0.1450304985046386,0.7,2.0,5.0,0.0
80,0.0868573188781738,0.7,2.0,5.0,0.0
81,0.1477704048156738,0.7,2.0,5.0,0.0
82,0.1789262294769287,0.7,2.0,5.0,0.0
83,0.1536891460418701,0.7,2.0,5.0,0.0
84,0.1505498886108398,0.7,2.0,5.0,0.0
85,0.147653579711914,0.7,2.0,5.0,0.0
86,0.1480152606964111,0.7,2.0,5.0,0.0
87,0.1246991157531738,0.7,2.0,5.0,0.0
88,0.1646091938018798,0.7,2.0,5.0,0.0
89,0.137800931930542,0.7,2.0,5.0,0.0
90,0.1350858211517334,0.7,2.0,5.0,0.0
91,0.1436045169830322,0.7,2.0,5.0,0.0
92,0.0885090827941894,0.7,2.0,5.0,0.0
93,0.1350042819976806,0.7,2.0,5.0,0.0
94,0.1627230644226074,0.7,2.0,5.0,0.0
95,0.1893370151519775,0.7,2.0,5.0,0.0
96,0.1144602298736572,0.7,2.0,5.0,0.0
97,0.1985459327697754,0.7,2.0,5.0,0.0
98,0.1443939208984375,0.7,2.0,5.0,0.0
99,0.1663339138031005,0.7,2.0,5.0,0.0
100,0.0838351249694824,0.7,2.0,5.0,0.0
101,0.1477501392364502,0.7,2.0,5.0,0.0
102,0.1720187664031982,0.7,2.0,5.0,0.0
103,0.1474983692169189,0.7,2.0,5.0,0.0
104,0.16471529006958,0.7,2.0,5.0,0.0
105,0.146780252456665,0.7,2.0,5.0,0.0
106,0.1816582679748535,0.7,2.0,5.0,0.0
107,0.0862784385681152,0.7,2.0,5.0,0.0
108,0.0856966972351074,0.7,2.0,5.0,0.0
109,0.1350905895233154,0.7,2.0,5.0,0.0
110,0.145045518875122,0.7,2.0,5.0,0.0
111,0.1249909400939941,0.7,2.0,5.0,0.0
112,0.1590981483459472,0.7,2.0,5.0,0.0
113,0.1434147357940673,0.7,2.0,5.0,0.0
114,0.1248345375061035,0.7,2.0,5.0,0.0
115,0.1226165294647216,0.7,2.0,5.0,0.0
116,0.1268301010131836,0.7,2.0,5.0,0.0
117,0.1610715389251709,0.7,2.0,5.0,0.0
118,0.2540345191955566,0.7,2.0,5.0,0.0
119,0.1293914318084716,0.7,2.0,5.0,0.0
120,0.1565334796905517,0.7,2.0,5.0,0.0
121,0.1447834968566894,0.7,2.0,5.0,0.0
122,0.2312526702880859,0.7,2.0,5.0,0.0
123,0.1135175228118896,0.7,2.0,5.0,0.0
124,0.19838547706604,0.7,2.0,5.0,0.0
125,0.1640932559967041,0.7,2.0,5.0,0.0
126,0.1169915199279785,0.7,2.0,5.0,0.0
127,0.1497306823730468,0.7,2.0,5.0,0.0
128,0.1434204578399658,0.7,2.0,5.0,0.0
129,0.118016242980957,0.7,2.0,5.0,0.0
130,0.1358957290649414,0.7,2.0,5.0,0.0
131,0.1411538124084472,0.7,2.0,5.0,0.0
132,0.1244308948516845,0.7,2.0,5.0,0.0
133,0.1018831729888916,0.7,2.0,5.0,0.0
134,0.1420280933380127,0.7,2.0,5.0,0.0
135,0.1324834823608398,0.7,2.0,5.0,0.0
136,0.1330122947692871,0.7,2.0,5.0,0.0
137,0.1304905414581298,0.7,2.0,5.0,0.0
138,0.1646368503570556,0.7,2.0,5.0,0.0
139,0.1870172023773193,0.7,2.0,5.0,0.0
140,0.1510121822357177,0.7,2.0,5.0,0.0
141,0.1310279369354248,0.7,2.0,5.0,0.0
142,0.0939037799835205,0.7,2.0,5.0,0.0
143,0.1241395473480224,0.7,2.0,5.0,0.0
144,0.1505391597747802,0.7,2.0,5.0,0.0
145,0.1174867153167724,0.7,2.0,5.0,0.0
146,0.1306331157684326,0.7,2.0,5.0,0.0
147,0.1404581069946289,0.7,2.0,5.0,0.0
148,0.1207735538482666,0.7,2.0,5.0,0.0
149,0.1436984539031982,0.7,2.0,5.0,0.0
150,0.130589485168457,0.7,2.0,5.0,0.0
151,0.1078720092773437,0.7,2.0,5.0,0.0
152,0.0712182521820068,0.7,2.0,5.0,0.0
153,0.104957103729248,0.7,2.0,5.0,0.0
154,0.1227633953094482,0.7,2.0,5.0,0.0
155,0.0706093311309814,0.7,2.0,5.0,0.0
156,0.1090333461761474,0.7,2.0,5.0,0.0
157,0.1215007305145263,0.7,2.0,5.0,0.0
158,0.1422095298767089,0.7,2.0,5.0,0.0
159,0.1311192512512207,0.7,2.0,5.0,0.0
160,0.1269431114196777,0.7,2.0,5.0,0.0
161,0.129448652267456,0.7,2.0,5.0,0.0
162,0.1077513694763183,0.7,2.0,5.0,0.0
163,0.0754387378692627,0.7,2.0,5.0,0.0
164,0.1344523429870605,0.7,2.0,5.0,0.0
165,0.1779189109802246,0.7,2.0,5.0,0.0
166,0.1710290908813476,0.7,2.0,5.0,0.0
167,0.1154568195343017,0.7,2.0,5.0,0.0
168,0.1103265285491943,0.7,2.0,5.0,0.0
169,0.0796766281127929,0.7,2.0,5.0,0.0
170,0.1258077621459961,0.7,2.0,5.0,0.0
171,0.1484134197235107,0.7,2.0,5.0,0.0
172,0.1348416805267334,0.7,2.0,5.0,0.0
173,0.1227221488952636,0.7,2.0,5.0,0.0
174,0.1375861167907714,0.7,2.0,5.0,0.0
175,0.1244332790374755,0.7,2.0,5.0,0.0
176,0.1460294723510742,0.7,2.0,5.0,0.0
177,0.1518669128417968,0.7,2.0,5.0,0.0
178,0.158931016921997,0.7,2.0,5.0,0.0
179,0.1470363140106201,0.7,2.0,5.0,0.0
180,0.1584587097167968,0.7,2.0,5.0,0.0
181,0.166093111038208,0.7,2.0,5.0,0.0
182,0.1294186115264892,0.7,2.0,5.0,0.0
183,0.107187271118164,0.7,2.0,5.0,0.0
184,0.0817604064941406,0.7,2.0,5.0,0.0
185,0.2091116905212402,0.7,2.0,5.0,0.0
186,0.1368978023529052,0.7,2.0,5.0,0.0
187,0.1391201019287109,0.7,2.0,5.0,0.0
188,0.1402404308319091,0.7,2.0,5.0,0.0
189,0.1507668495178222,0.7,2.0,5.0,0.0
190,0.1364290714263916,0.7,2.0,5.0,0.0
191,0.1245503425598144,0.7,2.0,5.0,0.0
192,0.1583871841430664,0.7,2.0,5.0,0.0
193,0.1390972137451172,0.7,2.0,5.0,0.0
194,0.138430118560791,0.7,2.0,5.0,0.0
195,0.1061367988586425,0.7,2.0,5.0,0.0
196,0.1533324718475341,0.7,2.0,5.0,0.0
197,0.1213300228118896,0.7,2.0,5.0,0.0
198,0.1258325576782226,0.7,2.0,5.0,0.0
199,0.1175987720489502,0.7,2.0,5.0,0.0
200,0.1156468391418457,0.7,2.0,5.0,0.0
201,0.1071791648864746,0.7,2.0,5.0,0.0
202,0.1041004657745361,0.7,2.0,5.0,0.0
203,0.1242458820343017,0.7,2.0,5.0,0.0
204,0.1083340644836425,0.7,2.0,5.0,0.0
205,0.112161636352539,0.7,2.0,5.0,0.0
206,0.1297721862792968,0.7,2.0,5.0,0.0
207,0.1364271640777588,0.7,2.0,5.0,0.0
208,0.1453673839569091,0.7,2.0,5.0,0.0
209,0.1514322757720947,0.7,2.0,5.0,0.0
210,0.132883071899414,0.7,2.0,5.0,0.0
211,0.131152868270874,0.7,2.0,5.0,0.0
212,0.1236569881439209,0.7,2.0,5.0,0.0
213,0.1567721366882324,0.7,2.0,5.0,0.0
214,0.0808088779449462,0.7,2.0,5.0,0.0
215,0.1207447052001953,0.7,2.0,5.0,0.0
216,0.1463303565979004,0.7,2.0,5.0,0.0
217,0.1293995380401611,0.7,2.0,5.0,0.0
218,0.1107227802276611,0.7,2.0,5.0,0.0
219,0.1584515571594238,0.7,2.0,5.0,0.0
220,0.1299772262573242,0.7,2.0,5.0,0.0
221,0.1387455463409423,0.7,2.0,5.0,0.0
222,0.1486382484436035,0.7,2.0,5.0,0.0
223,0.1766703128814697,0.7,2.0,5.0,0.0
224,0.1722326278686523,0.7,2.0,5.0,0.0
225,0.2698311805725097,0.7,2.0,5.0,0.0
226,0.2018122673034668,0.7,2.0,5.0,0.0
227,0.2017538547515869,0.7,2.0,5.0,0.0
228,0.1887505054473877,0.7,2.0,5.0,0.0
229,0.115182876586914,0.7,2.0,5.0,0.0
230,0.1214542388916015,0.7,2.0,5.0,0.0
231,0.1106829643249511,0.7,2.0,5.0,0.0
232,0.1477115154266357,0.7,2.0,5.0,0.0
233,0.1323943138122558,0.7,2.0,5.0,0.0
234,0.1299953460693359,0.7,2.0,5.0,0.0
235,0.1119036674499511,0.7,2.0,5.0,0.0
236,0.1368546485900879,0.7,2.0,5.0,0.0
237,0.1495711803436279,0.7,2.0,5.0,0.0
238,0.1653249263763427,0.7,2.0,5.0,0.0
239,0.0860164165496826,0.7,2.0,5.0,0.0
240,0.1429259777069091,0.7,2.0,5.0,0.0
241,0.1768980026245117,0.7,2.0,5.0,0.0
242,0.1593122482299804,0.7,2.0,5.0,0.0
243,0.1896071434020996,0.7,2.0,5.0,0.0
244,0.08772873878479,0.7,2.0,5.0,0.0
245,0.1727156639099121,0.7,2.0,5.0,0.0
246,0.1669347286224365,0.7,2.0,5.0,0.0
247,0.1289384365081787,0.7,2.0,5.0,0.0
248,0.1318259239196777,0.7,2.0,5.0,0.0
249,0.1461870670318603,0.7,2.0,5.0,0.0
250,0.1394157409667968,0.7,2.0,5.0,0.0
251,0.0842666625976562,0.7,2.0,5.0,0.0
252,0.1062033176422119,0.7,2.0,5.0,0.0
253,0.1386148929595947,0.7,2.0,5.0,0.0
254,0.1319363117218017,0.7,2.0,5.0,0.0
255,0.1336078643798828,0.7,2.0,5.0,0.0
256,0.0819478034973144,0.7,2.0,5.0,0.0
257,0.138956069946289,0.7,2.0,5.0,0.0
258,0.1798367500305175,0.7,2.0,5.0,0.0
259,0.1179440021514892,0.7,2.0,5.0,0.0
260,0.1373159885406494,0.7,2.0,5.0,0.0
261,0.1763367652893066,0.7,2.0,5.0,0.0
262,0.1772150993347168,0.7,2.0,5.0,0.0
263,0.1039974689483642,0.7,2.0,5.0,0.0
264,0.1244568824768066,0.7,2.0,5.0,0.0
265,0.1317687034606933,0.7,2.0,5.0,0.0
266,0.1055858135223388,0.7,2.0,5.0,0.0
267,0.152947187423706,0.7,2.0,5.0,0.0
268,0.1404433250427246,0.7,2.0,5.0,0.0
269,0.0808806419372558,0.7,2.0,5.0,0.0
270,0.1354331970214843,0.7,2.0,5.0,0.0
271,0.1154189109802246,0.7,2.0,5.0,0.0
272,0.1528007984161377,0.7,2.0,5.0,0.0
273,0.1723880767822265,0.7,2.0,5.0,0.0
274,0.1710915565490722,0.7,2.0,5.0,0.0
275,0.1343131065368652,0.7,2.0,5.0,0.0
276,0.1329689025878906,0.7,2.0,5.0,0.0
277,0.1329514980316162,0.7,2.0,5.0,0.0
278,0.1670348644256591,0.7,2.0,5.0,0.0
279,0.1356196403503418,0.7,2.0,5.0,0.0
280,0.1892883777618408,0.7,2.0,5.0,0.0
281,0.0783960819244384,0.7,2.0,5.0,0.0
282,0.1332263946533203,0.7,2.0,5.0,0.0
283,0.1337528228759765,0.7,2.0,5.0,0.0
284,0.182591438293457,0.7,2.0,5.0,0.0
285,0.1522507667541504,0.7,2.0,5.0,0.0
286,0.1531214714050293,0.7,2.0,5.0,0.0
287,0.1377718448638916,0.7,2.0,5.0,0.0
288,0.1724748611450195,0.7,2.0,5.0,0.0
289,0.1376256942749023,0.7,2.0,5.0,0.0
290,0.2006514072418213,0.7,2.0,5.0,0.0
291,0.1379055976867675,0.7,2.0,5.0,0.0
292,0.0784230232238769,0.7,2.0,5.0,0.0
293,0.1366713047027588,0.7,2.0,5.0,0.0
294,0.1567897796630859,0.7,2.0,5.0,0.0
295,0.1283578872680664,0.7,2.0,5.0,0.0
296,0.1800680160522461,0.7,2.0,5.0,0.0
297,0.1733465194702148,0.7,2.0,5.0,0.0
298,0.1400368213653564,0.7,2.0,5.0,0.0
299,0.1309750080108642,0.7,2.0,5.0,0.0
300,0.1353967189788818,0.7,2.0,5.0,0.0
301,0.1482226848602295,0.7,2.0,5.0,0.0
302,0.1320245265960693,0.7,2.0,5.0,0.0
303,0.1575105190277099,0.7,2.0,5.0,0.0
304,0.1243836879730224,0.7,2.0,5.0,0.0
305,0.1045494079589843,0.7,2.0,5.0,0.0
306,0.1346447467803955,0.7,2.0,5.0,0.0
307,0.1354837417602539,0.7,2.0,5.0,0.0
308,0.1431221961975097,0.7,2.0,5.0,0.0
309,0.1429078578948974,0.7,2.0,5.0,0.0
310,0.1493632793426513,0.7,2.0,5.0,0.0
311,0.1653614044189453,0.7,2.0,5.0,0.0
312,0.1122598648071289,0.7,2.0,5.0,0.0
313,0.1409401893615722,0.7,2.0,5.0,0.0
314,0.1628434658050537,0.7,2.0,5.0,0.0
315,0.1200067996978759,0.7,2.0,5.0,0.0
316,0.1564056873321533,0.7,2.0,5.0,0.0
317,0.1541643142700195,0.7,2.0,5.0,0.0
318,0.1378674507141113,0.7,2.0,5.0,0.0
319,0.0823733806610107,0.7,2.0,5.0,0.0
320,0.1261689662933349,0.7,2.0,5.0,0.0
321,0.1318142414093017,0.7,2.0,5.0,0.0
322,0.1367990970611572,0.7,2.0,5.0,0.0
323,0.1213631629943847,0.7,2.0,5.0,0.0
324,0.1171643733978271,0.7,2.0,5.0,0.0
325,0.1245598793029785,0.7,2.0,5.0,0.0
326,0.1233208179473877,0.7,2.0,5.0,0.0
327,0.1510663032531738,0.7,2.0,5.0,0.0
328,0.121572732925415,0.7,2.0,5.0,0.0
329,0.1214964389801025,0.7,2.0,5.0,0.0
330,0.0804383754730224,0.7,2.0,5.0,0.0
331,0.1507461071014404,0.7,2.0,5.0,0.0
332,0.1851701736450195,0.7,2.0,5.0,0.0
333,0.1503593921661377,0.7,2.0,5.0,0.0
334,0.2399313449859619,0.7,2.0,5.0,0.0
335,0.1978225708007812,0.7,2.0,5.0,0.0
336,0.113297700881958,0.7,2.0,5.0,0.0
337,0.1315565109252929,0.7,2.0,5.0,0.0
338,0.1365664005279541,0.7,2.0,5.0,0.0
339,0.1369855403900146,0.7,2.0,5.0,0.0
340,0.1529691219329834,0.7,2.0,5.0,0.0
341,0.1354084014892578,0.7,2.0,5.0,0.0
342,0.1740248203277588,0.7,2.0,5.0,0.0
343,0.1463425159454345,0.7,2.0,5.0,0.0
344,0.1703708171844482,0.7,2.0,5.0,0.0
345,0.1461958885192871,0.7,2.0,5.0,0.0
346,0.1064672470092773,0.7,2.0,5.0,0.0
347,0.1489293575286865,0.7,2.0,5.0,0.0
348,0.1519334316253662,0.7,2.0,5.0,0.0
349,0.1349203586578369,0.7,2.0,5.0,0.0
350,0.1551110744476318,0.7,2.0,5.0,0.0
351,0.1480426788330078,0.7,2.0,5.0,0.0
352,0.1121551990509033,0.7,2.0,5.0,0.0
353,0.1667687892913818,0.7,2.0,5.0,0.0
354,0.1981775760650634,0.7,2.0,5.0,0.0
355,0.1162607669830322,0.7,2.0,5.0,0.0
356,0.120950698852539,0.7,2.0,5.0,0.0
357,0.1349694728851318,0.7,2.0,5.0,0.0
358,0.1448633670806884,0.7,2.0,5.0,0.0
359,0.132258653640747,0.7,2.0,5.0,0.0
360,0.1583352088928222,0.7,2.0,5.0,0.0
361,0.1380469799041748,0.7,2.0,5.0,0.0
362,0.1543440818786621,0.7,2.0,5.0,0.0
363,0.1597075462341308,0.7,2.0,5.0,0.0
364,0.1476986408233642,0.7,2.0,5.0,0.0
365,0.1350390911102295,0.7,2.0,5.0,0.0
366,0.1429343223571777,0.7,2.0,5.0,0.0
367,0.159064769744873,0.7,2.0,5.0,0.0
368,0.1434943675994873,0.7,2.0,5.0,0.0
369,0.123833417892456,0.7,2.0,5.0,0.0
370,0.1299707889556884,0.7,2.0,5.0,0.0
371,0.1276519298553466,0.7,2.0,5.0,0.0
372,0.1331057548522949,0.7,2.0,5.0,0.0
373,0.1325490474700927,0.7,2.0,5.0,0.0
374,0.1076216697692871,0.7,2.0,5.0,0.0
375,0.1214160919189453,0.7,2.0,5.0,0.0
376,0.1417553424835205,0.7,2.0,5.0,0.0
377,0.1294045448303222,0.7,2.0,5.0,0.0
378,0.1337273120880127,0.7,2.0,5.0,0.0
379,0.1307480335235595,0.7,2.0,5.0,0.0
380,0.1493523120880127,0.7,2.0,5.0,0.0
381,0.130674123764038,0.7,2.0,5.0,0.0
382,0.1051781177520752,0.7,2.0,5.0,0.0
383,0.1422207355499267,0.7,2.0,5.0,0.0
384,0.1490757465362548,0.7,2.0,5.0,0.0
385,0.1289577484130859,0.7,2.0,5.0,0.0
386,0.1273894309997558,0.7,2.0,5.0,0.0
387,0.119469404220581,0.7,2.0,5.0,0.0
388,0.1574306488037109,0.7,2.0,5.0,0.0
389,0.1616110801696777,0.7,2.0,5.0,0.0
390,0.1269402503967285,0.7,2.0,5.0,0.0
391,0.1470942497253418,0.7,2.0,5.0,0.0
392,0.1596126556396484,0.7,2.0,5.0,0.0
393,0.1175694465637207,0.7,2.0,5.0,0.0
394,0.1674625873565673,0.7,2.0,5.0,0.0
395,0.1052958965301513,0.7,2.0,5.0,0.0
396,0.1481461524963379,0.7,2.0,5.0,0.0
397,0.1360163688659668,0.7,2.0,5.0,0.0
398,0.1292421817779541,0.7,2.0,5.0,0.0
399,0.1422691345214843,0.7,2.0,5.0,0.0
400,0.1359338760375976,0.7,2.0,5.0,0.0
401,0.1358559131622314,0.7,2.0,5.0,0.0
402,0.1542015075683593,0.7,2.0,5.0,0.0
403,0.1131048202514648,0.7,2.0,5.0,0.0
404,0.137556791305542,0.7,2.0,5.0,0.0
405,0.1528036594390869,0.7,2.0,5.0,0.0
406,0.1126976013183593,0.7,2.0,5.0,0.0
407,0.1425271034240722,0.7,2.0,5.0,0.0
408,0.1423501968383789,0.7,2.0,5.0,0.0
409,0.1544127464294433,0.7,2.0,5.0,0.0
410,0.1126716136932373,0.7,2.0,5.0,0.0
411,0.1346561908721923,0.7,2.0,5.0,0.0
412,0.1455974578857422,0.7,2.0,5.0,0.0
413,0.1455237865447998,0.7,2.0,5.0,0.0
414,0.1416869163513183,0.7,2.0,5.0,0.0
415,0.1654818058013916,0.7,2.0,5.0,0.0
416,0.1337141990661621,0.7,2.0,5.0,0.0
417,0.1371152400970459,0.7,2.0,5.0,0.0
418,0.1369686126708984,0.7,2.0,5.0,0.0
419,0.1246864795684814,0.7,2.0,5.0,0.0
420,0.1804361343383789,0.7,2.0,5.0,0.0
421,0.131455659866333,0.7,2.0,5.0,0.0
422,0.14689302444458,0.7,2.0,5.0,0.0
423,0.1496527194976806,0.7,2.0,5.0,0.0
424,0.1094770431518554,0.7,2.0,5.0,0.0
425,0.1350240707397461,0.7,2.0,5.0,0.0
426,0.1568377017974853,0.7,2.0,5.0,0.0
427,0.1471810340881347,0.7,2.0,5.0,0.0
428,0.1400730609893798,0.7,2.0,5.0,0.0
429,0.1328804492950439,0.7,2.0,5.0,0.0
430,0.1317625045776367,0.7,2.0,5.0,0.0
431,0.1301593780517578,0.7,2.0,5.0,0.0
432,0.1451256275177002,0.7,2.0,5.0,0.0
433,0.1347253322601318,0.7,2.0,5.0,0.0
434,0.1483430862426757,0.7,2.0,5.0,0.0
435,0.136134386062622,0.7,2.0,5.0,0.0
436,0.1605165004730224,0.7,2.0,5.0,0.0
437,0.1301801204681396,0.7,2.0,5.0,0.0
438,0.1372437477111816,0.7,2.0,5.0,0.0
439,0.143958568572998,0.7,2.0,5.0,0.0
440,0.1178641319274902,0.7,2.0,5.0,0.0
441,0.1420035362243652,0.7,2.0,5.0,0.0
442,0.1456885337829589,0.7,2.0,5.0,0.0
443,0.1049609184265136,0.7,2.0,5.0,0.0
444,0.1311128139495849,0.7,2.0,5.0,0.0
445,0.1570863723754882,0.7,2.0,5.0,0.0
446,0.1284301280975341,0.7,2.0,5.0,0.0
447,0.1538982391357422,0.7,2.0,5.0,0.0
448,0.1022770404815673,0.7,2.0,5.0,0.0
449,0.1305086612701416,0.7,2.0,5.0,0.0
450,0.1407821178436279,0.7,2.0,5.0,0.0
451,0.1115851402282714,0.7,2.0,5.0,0.0
452,0.1459333896636963,0.7,2.0,5.0,0.0
453,0.1437127590179443,0.7,2.0,5.0,0.0
454,0.1308991909027099,0.7,2.0,5.0,0.0
455,0.1488418579101562,0.7,2.0,5.0,0.0
456,0.1317102909088134,0.7,2.0,5.0,0.0
457,0.1258997917175293,0.7,2.0,5.0,0.0
458,0.1206955909729003,0.7,2.0,5.0,0.0
459,0.1108787059783935,0.7,2.0,5.0,0.0
460,0.1283342838287353,0.7,2.0,5.0,0.0
461,0.1362743377685547,0.7,2.0,5.0,0.0
462,0.1465029716491699,0.7,2.0,5.0,0.0
463,0.1362812519073486,0.7,2.0,5.0,0.0
464,0.1228017807006836,0.7,2.0,5.0,0.0
465,0.1403965950012207,0.7,2.0,5.0,0.0
466,0.1169064044952392,0.7,2.0,5.0,0.0
467,0.1537933349609375,0.7,2.0,5.0,0.0
468,0.1326494216918945,0.7,2.0,5.0,0.0
469,0.1628005504608154,0.7,2.0,5.0,0.0
470,0.2388372421264648,0.7,2.0,5.0,0.0
471,0.151242971420288,0.7,2.0,5.0,0.0
472,0.1512603759765625,0.7,2.0,5.0,0.0
473,0.1349759101867675,0.7,2.0,5.0,0.0
474,0.1480698585510254,0.7,2.0,5.0,0.0
475,0.1169674396514892,0.7,2.0,5.0,0.0
476,0.1034116744995117,0.7,2.0,5.0,0.0
477,0.1093101501464843,0.7,2.0,5.0,0.0
478,0.1362628936767578,0.7,2.0,5.0,0.0
479,0.1418344974517822,0.7,2.0,5.0,0.0
480,0.1312267780303955,0.7,2.0,5.0,0.0
481,0.1289465427398681,0.7,2.0,5.0,0.0
482,0.1188361644744873,0.7,2.0,5.0,0.0
483,0.1029706001281738,0.7,2.0,5.0,0.0
484,0.11004638671875,0.7,2.0,5.0,0.0
485,0.1020045280456543,0.7,2.0,5.0,0.0
486,0.1156351566314697,0.7,2.0,5.0,0.0
487,0.1335115432739257,0.7,2.0,5.0,0.0
488,0.1274964809417724,0.7,2.0,5.0,0.0
489,0.1061558723449707,0.7,2.0,5.0,0.0
490,0.1217553615570068,0.7,2.0,5.0,0.0
491,0.1124539375305175,0.7,2.0,5.0,0.0
492,0.110978364944458,0.7,2.0,5.0,0.0
493,0.1182084083557128,0.7,2.0,5.0,0.0
494,0.1047804355621337,0.7,2.0,5.0,0.0
495,0.1329271793365478,0.7,2.0,5.0,0.0
496,0.1053292751312255,0.7,2.0,5.0,0.0
497,0.1273901462554931,0.7,2.0,5.0,0.0
498,0.1241800785064697,0.7,2.0,5.0,0.0
499,0.1048164367675781,0.7,2.0,5.0,0.0
500,0.1510820388793945,0.7,2.0,5.0,0.0
501,0.1459591388702392,0.7,2.0,5.0,0.0
502,0.1321690082550048,0.7,2.0,5.0,0.0
503,0.1002373695373535,0.7,2.0,5.0,0.0
504,0.1333792209625244,0.7,2.0,5.0,0.0
505,0.1066694259643554,0.7,2.0,5.0,0.0
506,0.1170251369476318,0.7,2.0,5.0,0.0
507,0.1167702674865722,0.7,2.0,5.0,0.0
508,0.1157972812652587,0.7,2.0,5.0,0.0
509,0.121084451675415,0.7,2.0,5.0,0.0
510,0.1218407154083252,0.7,2.0,5.0,0.0
511,0.1847052574157714,0.7,2.0,5.0,0.0
512,0.1145312786102294,0.7,2.0,5.0,0.0
513,0.101001501083374,0.7,2.0,5.0,0.0
514,0.1334965229034423,0.7,2.0,5.0,0.0
515,0.1178138256072998,0.7,2.0,5.0,0.0
516,0.1516337394714355,0.7,2.0,5.0,0.0
517,0.1297941207885742,0.7,2.0,5.0,0.0
518,0.1405165195465088,0.7,2.0,5.0,0.0
519,0.1393494606018066,0.7,2.0,5.0,0.0
520,0.13071870803833,0.7,2.0,5.0,0.0
521,0.0997612476348877,0.7,2.0,5.0,0.0
522,0.1571338176727295,0.7,2.0,5.0,0.0
523,0.1230607032775878,0.7,2.0,5.0,0.0
524,0.1091358661651611,0.7,2.0,5.0,0.0
525,0.1305348873138427,0.7,2.0,5.0,0.0
526,0.1147603988647461,0.7,2.0,5.0,0.0
527,0.1064860820770263,0.7,2.0,5.0,0.0
528,0.123215913772583,0.7,2.0,5.0,0.0
529,0.1325249671936035,0.7,2.0,5.0,0.0
530,0.1668734550476074,0.7,2.0,5.0,0.0
531,0.136070966720581,0.7,2.0,5.0,0.0
532,0.1148452758789062,0.7,2.0,5.0,0.0
533,0.1292030811309814,0.7,2.0,5.0,0.0
534,0.1219677925109863,0.7,2.0,5.0,0.0
535,0.1112983226776123,0.7,2.0,5.0,0.0
536,0.1163580417633056,0.7,2.0,5.0,0.0
537,0.1056945323944091,0.7,2.0,5.0,0.0
538,0.11993408203125,0.7,2.0,5.0,0.0
539,0.1107258796691894,0.7,2.0,5.0,0.0
540,0.1172006130218505,0.7,2.0,5.0,0.0
541,0.1571357250213623,0.7,2.0,5.0,0.0
542,0.10182785987854,0.7,2.0,5.0,0.0
543,0.1133701801300048,0.7,2.0,5.0,0.0
544,0.1132116317749023,0.7,2.0,5.0,0.0
545,0.1500911712646484,0.7,2.0,5.0,0.0
546,0.1416382789611816,0.7,2.0,5.0,0.0
547,0.1025197505950927,0.7,2.0,5.0,0.0
548,0.1108217239379882,0.7,2.0,5.0,0.0
549,0.1159579753875732,0.7,2.0,5.0,0.0
550,0.1101257801055908,0.7,2.0,5.0,0.0
551,0.0975813865661621,0.7,2.0,5.0,0.0
552,0.1047675609588623,0.7,2.0,5.0,0.0
553,0.1105902194976806,0.7,2.0,5.0,0.0
554,0.2764310836791992,0.7,2.0,5.0,0.0
555,0.1189615726470947,0.7,2.0,5.0,0.0
556,0.1066508293151855,0.7,2.0,5.0,0.0
557,0.104466438293457,0.7,2.0,5.0,0.0
558,0.1152944564819336,0.7,2.0,5.0,0.0
559,0.1115925312042236,0.7,2.0,5.0,0.0
560,0.1214973926544189,0.7,2.0,5.0,0.0
561,0.1323628425598144,0.7,2.0,5.0,0.0
562,0.1296114921569824,0.7,2.0,5.0,0.0
563,0.1097548007965087,0.7,2.0,5.0,0.0
564,0.1040434837341308,0.7,2.0,5.0,0.0
565,0.1039063930511474,0.7,2.0,5.0,0.0
566,0.1184437274932861,0.7,2.0,5.0,0.0
567,0.1243734359741211,0.7,2.0,5.0,0.0
568,0.1432948112487793,0.7,2.0,5.0,0.0
569,0.1119759082794189,0.7,2.0,5.0,0.0
570,0.102302074432373,0.7,2.0,5.0,0.0
571,0.1177082061767578,0.7,2.0,5.0,0.0
572,0.107532262802124,0.7,2.0,5.0,0.0
573,0.1032938957214355,0.7,2.0,5.0,0.0
574,0.1046252250671386,0.7,2.0,5.0,0.0
575,0.1048529148101806,0.7,2.0,5.0,0.0
576,0.1092896461486816,0.7,2.0,5.0,0.0
577,0.1338927745819091,0.7,2.0,5.0,0.0
578,0.1165239810943603,0.7,2.0,5.0,0.0
579,0.1137049198150634,0.7,2.0,5.0,0.0
580,0.1008682250976562,0.7,2.0,5.0,0.0
581,0.1343152523040771,0.7,2.0,5.0,0.0
582,0.1356258392333984,0.7,2.0,5.0,0.0
583,0.110086441040039,0.7,2.0,5.0,0.0
584,0.1081845760345459,0.7,2.0,5.0,0.0
585,0.1024632453918457,0.7,2.0,5.0,0.0
586,0.1169025897979736,0.7,2.0,5.0,0.0
587,0.0966215133666992,0.7,2.0,5.0,0.0
588,0.1071205139160156,0.7,2.0,5.0,0.0
589,0.1041121482849121,0.7,2.0,5.0,0.0
590,0.105201244354248,0.7,2.0,5.0,0.0
591,0.0972869396209716,0.7,2.0,5.0,0.0
592,0.119171142578125,0.7,2.0,5.0,0.0
593,0.1214213371276855,0.7,2.0,5.0,0.0
594,0.1540496349334716,0.7,2.0,5.0,0.0
595,0.1311554908752441,0.7,2.0,5.0,0.0
596,0.1516544818878173,0.7,2.0,5.0,0.0
597,0.1863195896148681,0.7,2.0,5.0,0.0
598,0.2097811698913574,0.7,2.0,5.0,0.0
599,0.126335859298706,0.7,2.0,5.0,0.0
600,0.1056735515594482,0.7,2.0,5.0,0.0
601,0.1117703914642334,0.7,2.0,5.0,0.0
602,0.1134788990020752,0.7,2.0,5.0,0.0
603,0.1441907882690429,0.7,2.0,5.0,0.0
604,0.1562328338623047,0.7,2.0,5.0,0.0
605,0.1042568683624267,0.7,2.0,5.0,0.0
606,0.1480700969696045,0.7,2.0,5.0,0.0
607,0.1202163696289062,0.7,2.0,5.0,0.0
608,0.1379251480102539,0.7,2.0,5.0,0.0
609,0.1759989261627197,0.7,2.0,5.0,0.0
610,0.1512372493743896,0.7,2.0,5.0,0.0
611,0.1387073993682861,0.7,2.0,5.0,0.0
612,0.11155366897583,0.7,2.0,5.0,0.0
613,0.1374242305755615,0.7,2.0,5.0,0.0
614,0.1330914497375488,0.7,2.0,5.0,0.0
615,0.1373190879821777,0.7,2.0,5.0,0.0
616,0.2266850471496582,0.7,2.0,5.0,0.0
617,0.1758322715759277,0.7,2.0,5.0,0.0
618,0.1420559883117675,0.7,2.0,5.0,0.0
619,0.1106317043304443,0.7,2.0,5.0,0.0
620,0.1409950256347656,0.7,2.0,5.0,0.0
621,0.1942238807678222,0.7,2.0,5.0,0.0
622,0.1413264274597168,0.7,2.0,5.0,0.0
623,0.1551120281219482,0.7,2.0,5.0,0.0
624,0.1429438591003418,0.7,2.0,5.0,0.0
625,0.1127762794494628,0.7,2.0,5.0,0.0
626,0.1387169361114502,0.7,2.0,5.0,0.0
627,0.1076948642730712,0.7,2.0,5.0,0.0
628,0.1075861454010009,0.7,2.0,5.0,0.0
629,0.1400067806243896,0.7,2.0,5.0,0.0
630,0.1502268314361572,0.7,2.0,5.0,0.0
631,0.1946346759796142,0.7,2.0,5.0,0.0
632,0.1552190780639648,0.7,2.0,5.0,0.0
633,0.1197502613067627,0.7,2.0,5.0,0.0
634,0.2043941020965576,0.7,2.0,5.0,0.0
635,0.1613967418670654,0.7,2.0,5.0,0.0
636,0.1008450984954834,0.7,2.0,5.0,0.0
637,0.1666734218597412,0.7,2.0,5.0,0.0
638,0.1555287837982177,0.7,2.0,5.0,0.0
639,0.1369526386260986,0.7,2.0,5.0,0.0
640,0.1083521842956543,0.7,2.0,5.0,0.0
641,0.153228759765625,0.7,2.0,5.0,0.0
642,0.1273725032806396,0.7,2.0,5.0,0.0
643,0.121584415435791,0.7,2.0,5.0,0.0
644,0.1466920375823974,0.7,2.0,5.0,0.0
645,0.1063594818115234,0.7,2.0,5.0,0.0
646,0.1484477519989013,0.7,2.0,5.0,0.0
647,0.1248238086700439,0.7,2.0,5.0,0.0
648,0.1867015361785888,0.7,2.0,5.0,0.0
649,0.1393272876739502,0.7,2.0,5.0,0.0
650,0.1181886196136474,0.7,2.0,5.0,0.0
651,0.1436586380004882,0.7,2.0,5.0,0.0
652,0.1315927505493164,0.7,2.0,5.0,0.0
653,0.1763467788696289,0.7,2.0,5.0,0.0
654,0.171177864074707,0.7,2.0,5.0,0.0
655,0.1488509178161621,0.7,2.0,5.0,0.0
656,0.1338996887207031,0.7,2.0,5.0,0.0
657,0.1339173316955566,0.7,2.0,5.0,0.0
658,0.1442275047302246,0.7,2.0,5.0,0.0
659,0.1393599510192871,0.7,2.0,5.0,0.0
660,0.133338451385498,0.7,2.0,5.0,0.0
661,0.1214256286621093,0.7,2.0,5.0,0.0
662,0.1261579990386963,0.7,2.0,5.0,0.0
663,0.1704978942871093,0.7,2.0,5.0,0.0
664,0.1389904022216797,0.7,2.0,5.0,0.0
665,0.1066865921020507,0.7,2.0,5.0,0.0
666,0.135416030883789,0.7,2.0,5.0,0.0
667,0.1724512577056884,0.7,2.0,5.0,0.0
668,0.1249732971191406,0.7,2.0,5.0,0.0
669,0.1606390476226806,0.7,2.0,5.0,0.0
670,0.1046302318572998,0.7,2.0,5.0,0.0
671,0.1287546157836914,0.7,2.0,5.0,0.0
672,0.1369225978851318,0.7,2.0,5.0,0.0
673,0.1472501754760742,0.7,2.0,5.0,0.0
674,0.1520593166351318,0.7,2.0,5.0,0.0
675,0.1432926654815673,0.7,2.0,5.0,0.0
676,0.1310889720916748,0.7,2.0,5.0,0.0
677,0.0961885452270507,0.7,2.0,5.0,0.0
678,0.1512608528137207,0.7,2.0,5.0,0.0
679,0.1239933967590332,0.7,2.0,5.0,0.0
680,0.1536390781402588,0.7,2.0,5.0,0.0
681,0.1355690956115722,0.7,2.0,5.0,0.0
682,0.1355843544006347,0.7,2.0,5.0,0.0
683,0.1216742992401123,0.7,2.0,5.0,0.0
684,0.1254158020019531,0.7,2.0,5.0,0.0
685,0.14589524269104,0.7,2.0,5.0,0.0
686,0.1372718811035156,0.7,2.0,5.0,0.0
687,0.1300382614135742,0.7,2.0,5.0,0.0
688,0.1572413444519043,0.7,2.0,5.0,0.0
689,0.1606726646423339,0.7,2.0,5.0,0.0
690,0.1369502544403076,0.7,2.0,5.0,0.0
691,0.1144344806671142,0.7,2.0,5.0,0.0
692,0.105093240737915,0.7,2.0,5.0,0.0
693,0.1408658027648925,0.7,2.0,5.0,0.0
694,0.1272065639495849,0.7,2.0,5.0,0.0
695,0.1220362186431884,0.7,2.0,5.0,0.0
696,0.1327002048492431,0.7,2.0,5.0,0.0
697,0.1343011856079101,0.7,2.0,5.0,0.0
698,0.1404333114624023,0.7,2.0,5.0,0.0
699,0.1435871124267578,0.7,2.0,5.0,0.0
700,0.1301569938659668,0.7,2.0,5.0,0.0
701,0.0988197326660156,0.7,2.0,5.0,0.0
702,0.1301527023315429,0.7,2.0,5.0,0.0
703,0.150266408920288,0.7,2.0,5.0,0.0
704,0.1223471164703369,0.7,2.0,5.0,0.0
705,0.1360101699829101,0.7,2.0,5.0,0.0
706,0.128286600112915,0.7,2.0,5.0,0.0
707,0.1599242687225341,0.7,2.0,5.0,0.0
708,0.1529996395111084,0.7,2.0,5.0,0.0
709,0.1492869853973388,0.7,2.0,5.0,0.0
710,0.1472940444946289,0.7,2.0,5.0,0.0
711,0.1320676803588867,0.7,2.0,5.0,0.0
712,0.1299083232879638,0.7,2.0,5.0,0.0
713,0.1346020698547363,0.7,2.0,5.0,0.0
714,0.1458277702331543,0.7,2.0,5.0,0.0
715,0.1421952247619629,0.7,2.0,5.0,0.0
716,0.1296806335449218,0.7,2.0,5.0,0.0
717,0.1113357543945312,0.7,2.0,5.0,0.0
718,0.1180236339569091,0.7,2.0,5.0,0.0
719,0.1438174247741699,0.7,2.0,5.0,0.0
720,0.1309907436370849,0.7,2.0,5.0,0.0
721,0.1398305892944336,0.7,2.0,5.0,0.0
722,0.1600639820098877,0.7,2.0,5.0,0.0
723,0.1406066417694091,0.7,2.0,5.0,0.0
724,0.1192421913146972,0.7,2.0,5.0,0.0
725,0.1409482955932617,0.7,2.0,5.0,0.0
726,0.141707181930542,0.7,2.0,5.0,0.0
727,0.1330578327178955,0.7,2.0,5.0,0.0
728,0.1294796466827392,0.7,2.0,5.0,0.0
729,0.1331565380096435,0.7,2.0,5.0,0.0
730,0.1468408107757568,0.7,2.0,5.0,0.0
731,0.1297469139099121,0.7,2.0,5.0,0.0
732,0.1152174472808837,0.7,2.0,5.0,0.0
733,0.1453862190246582,0.7,2.0,5.0,0.0
734,0.1905443668365478,0.7,2.0,5.0,0.0
735,0.2504348754882812,0.7,2.0,5.0,0.0
736,0.1882407665252685,0.7,2.0,5.0,0.0
737,0.1506626605987548,0.7,2.0,5.0,0.0
738,0.1329400539398193,0.7,2.0,5.0,0.0
739,0.1404643058776855,0.7,2.0,5.0,0.0
740,0.1452565193176269,0.7,2.0,5.0,0.0
741,0.1180853843688964,0.7,2.0,5.0,0.0
742,0.0984742641448974,0.7,2.0,5.0,0.0
743,0.1612141132354736,0.7,2.0,5.0,0.0
744,0.1041576862335205,0.7,2.0,5.0,0.0
745,0.1277775764465332,0.7,2.0,5.0,0.0
746,0.1120388507843017,0.7,2.0,5.0,0.0
747,0.144505500793457,0.7,2.0,5.0,0.0
748,0.1353120803833007,0.7,2.0,5.0,0.0
749,0.1300153732299804,0.7,2.0,5.0,0.0
750,0.1172761917114257,0.7,2.0,5.0,0.0
751,0.1044557094573974,0.7,2.0,5.0,0.0
752,0.1286327838897705,0.7,2.0,5.0,0.0
753,0.1342394351959228,0.7,2.0,5.0,0.0
754,0.1253108978271484,0.7,2.0,5.0,0.0
755,0.1406805515289306,0.7,2.0,5.0,0.0
756,0.1128973960876464,0.7,2.0,5.0,0.0
757,0.1006317138671875,0.7,2.0,5.0,0.0
758,0.1721663475036621,0.7,2.0,5.0,0.0
759,0.0984525680541992,0.7,2.0,5.0,0.0
760,0.1372861862182617,0.7,2.0,5.0,0.0
761,0.1800363063812255,0.7,2.0,5.0,0.0
762,0.1602933406829834,0.7,2.0,5.0,0.0
763,0.1006567478179931,0.7,2.0,5.0,0.0
764,0.1259565353393554,0.7,2.0,5.0,0.0
765,0.1488218307495117,0.7,2.0,5.0,0.0
766,0.150015115737915,0.7,2.0,5.0,0.0
767,0.1157665252685546,0.7,2.0,5.0,0.0
768,0.133298635482788,0.7,2.0,5.0,0.0
769,0.1515150070190429,0.7,2.0,5.0,0.0
770,0.1433067321777343,0.7,2.0,5.0,0.0
771,0.1693699359893798,0.7,2.0,5.0,0.0
772,0.195138931274414,0.7,2.0,5.0,0.0
773,0.1595537662506103,0.7,2.0,5.0,0.0
774,0.1208846569061279,0.7,2.0,5.0,0.0
775,0.1508023738861084,0.7,2.0,5.0,0.0
776,0.1516623497009277,0.7,2.0,5.0,0.0
777,0.1377429962158203,0.7,2.0,5.0,0.0
778,0.1549937725067138,0.7,2.0,5.0,0.0
779,0.1133537292480468,0.7,2.0,5.0,0.0
780,0.137174367904663,0.7,2.0,5.0,0.0
781,0.1396725177764892,0.7,2.0,5.0,0.0
782,0.1222867965698242,0.7,2.0,5.0,0.0
783,0.1332814693450927,0.7,2.0,5.0,0.0
784,0.1522181034088134,0.7,2.0,5.0,0.0
785,0.1483161449432373,0.7,2.0,5.0,0.0
786,0.1153128147125244,0.7,2.0,5.0,0.0
787,0.1235749721527099,0.7,2.0,5.0,0.0
788,0.1628909111022949,0.7,2.0,5.0,0.0
789,0.1116323471069336,0.7,2.0,5.0,0.0
790,0.1332263946533203,0.7,2.0,5.0,0.0
791,0.1412403583526611,0.7,2.0,5.0,0.0
792,0.1197061538696289,0.7,2.0,5.0,0.0
793,0.1348214149475097,0.7,2.0,5.0,0.0
794,0.1512761116027832,0.7,2.0,5.0,0.0
795,0.1618168354034423,0.7,2.0,5.0,0.0
796,0.1609277725219726,0.7,2.0,5.0,0.0
797,0.1245195865631103,0.7,2.0,5.0,0.0
798,0.2114014625549316,0.7,2.0,5.0,0.0
799,0.125063419342041,0.7,2.0,5.0,0.0
800,0.1376874446868896,0.7,2.0,5.0,0.0
801,0.1637158393859863,0.7,2.0,5.0,0.0
802,0.1151623725891113,0.7,2.0,5.0,0.0
803,0.1905968189239502,0.7,2.0,5.0,0.0
804,0.1132493019104003,0.7,2.0,5.0,0.0
805,0.1461851596832275,0.7,2.0,5.0,0.0
806,0.1556799411773681,0.7,2.0,5.0,0.0
807,0.1454744338989257,0.7,2.0,5.0,0.0
808,0.1421568393707275,0.7,2.0,5.0,0.0
809,0.1678786277770996,0.7,2.0,5.0,0.0
810,0.1454017162322998,0.7,2.0,5.0,0.0
811,0.1267917156219482,0.7,2.0,5.0,0.0
812,0.1761445999145507,0.7,2.0,5.0,0.0
813,0.1876969337463379,0.7,2.0,5.0,0.0
814,0.142005443572998,0.7,2.0,5.0,0.0
815,0.1715269088745117,0.7,2.0,5.0,0.0
816,0.1362819671630859,0.7,2.0,5.0,0.0
817,0.1582708358764648,0.7,2.0,5.0,0.0
818,0.1620159149169922,0.7,2.0,5.0,0.0
819,0.1397736072540283,0.7,2.0,5.0,0.0
820,0.1382186412811279,0.7,2.0,5.0,0.0
821,0.1215786933898925,0.7,2.0,5.0,0.0
822,0.1879494190216064,0.7,2.0,5.0,0.0
823,0.1382091045379638,0.7,2.0,5.0,0.0
824,0.1625361442565918,0.7,2.0,5.0,0.0
825,0.1292257308959961,0.7,2.0,5.0,0.0
826,0.1410977840423584,0.7,2.0,5.0,0.0
827,0.1389453411102295,0.7,2.0,5.0,0.0
828,0.167163610458374,0.7,2.0,5.0,0.0
829,0.1413760185241699,0.7,2.0,5.0,0.0
830,0.1692988872528076,0.7,2.0,5.0,0.0
831,0.1692571640014648,0.7,2.0,5.0,0.0
832,0.1478064060211181,0.7,2.0,5.0,0.0
833,0.1662464141845703,0.7,2.0,5.0,0.0
834,0.1517336368560791,0.7,2.0,5.0,0.0
835,0.1426787376403808,0.7,2.0,5.0,0.0
836,0.151249885559082,0.7,2.0,5.0,0.0
837,0.1562492847442627,0.7,2.0,5.0,0.0
838,0.18562912940979,0.7,2.0,5.0,0.0
839,0.1641438007354736,0.7,2.0,5.0,0.0
840,0.1692352294921875,0.7,2.0,5.0,0.0
841,0.1998987197875976,0.7,2.0,5.0,0.0
842,0.1998510360717773,0.7,2.0,5.0,0.0
843,0.2601847648620605,0.7,2.0,5.0,0.0
844,0.1369285583496093,0.7,2.0,5.0,0.0
845,0.1922259330749511,0.7,2.0,5.0,0.0
846,0.1711947917938232,0.7,2.0,5.0,0.0
847,0.2220470905303955,0.7,2.0,5.0,0.0
848,0.1742238998413086,0.7,2.0,5.0,0.0
849,0.1642801761627197,0.7,2.0,5.0,0.0
850,0.1605374813079834,0.7,2.0,5.0,0.0
851,0.1726245880126953,0.7,2.0,5.0,0.0
852,0.1711983680725097,0.7,2.0,5.0,0.0
853,0.1582133769989013,0.7,2.0,5.0,0.0
854,0.1568508148193359,0.7,2.0,5.0,0.0
855,0.1701948642730713,0.7,2.0,5.0,0.0
856,0.1987369060516357,0.7,2.0,5.0,0.0
857,0.2384836673736572,0.7,2.0,5.0,0.0
858,0.2009904384613037,0.7,2.0,5.0,0.0
859,0.1933214664459228,0.7,2.0,5.0,0.0
860,0.2040622234344482,0.7,2.0,5.0,0.0
861,0.1887919902801513,0.7,2.0,5.0,0.0
862,0.1587324142456054,0.7,2.0,5.0,0.0
863,0.1377336978912353,0.7,2.0,5.0,0.0
864,0.166560411453247,0.7,2.0,5.0,0.0
865,0.1306540966033935,0.7,2.0,5.0,0.0
866,0.1573805809020996,0.7,2.0,5.0,0.0
867,0.1514627933502197,0.7,2.0,5.0,0.0
868,0.1841132640838623,0.7,2.0,5.0,0.0
869,0.1851918697357177,0.7,2.0,5.0,0.0
870,0.1635937690734863,0.7,2.0,5.0,0.0
871,0.127467393875122,0.7,2.0,5.0,0.0
872,0.1633162498474121,0.7,2.0,5.0,0.0
873,0.1479880809783935,0.7,2.0,5.0,0.0
874,0.141855239868164,0.7,2.0,5.0,0.0
875,0.1442940235137939,0.7,2.0,5.0,0.0
876,0.140939712524414,0.7,2.0,5.0,0.0
877,0.1486492156982422,0.7,2.0,5.0,0.0
878,0.1567747592926025,0.7,2.0,5.0,0.0
879,0.1388595104217529,0.7,2.0,5.0,0.0
880,0.1523077487945556,0.7,2.0,5.0,0.0
881,0.1535327434539795,0.7,2.0,5.0,0.0
882,0.1794202327728271,0.7,2.0,5.0,0.0
883,0.1552281379699707,0.7,2.0,5.0,0.0
884,0.178333044052124,0.7,2.0,5.0,0.0
885,0.18108391761779785,0.7,2.0,5.0,0.0
